Price Date,Open Price,High Price,Low Price,Close Price,Traded Value,Number Of Trades,Traded Quantity
29-05-2015,2004.85,2056.45,2001,2023.15,9612868995,121421,4748261
28-05-2015,1975.2,2032,1975.2,2016.6,5490996904,97941,2745135
27-05-2015,2007,2009,1955,1968.5,4157452380,114474,2113677
26-05-2015,2020,2031.45,2002.15,2007.3,1998042102,37399,991260
25-05-2015,2050.5,2056.55,2007.05,2016.8,2372348161,62183,1168952
22-05-2015,2044,2051.55,2030.1,2046.45,3518585689,78526,1722206
21-05-2015,2048.9,2061.9,2037.25,2048.45,5147155556,99082,2514828
20-05-2015,2040,2052,2033.6,2047.3,3008337279,63706,1470547
19-05-2015,1987.3,2035.7,1986,2022.35,5178250883,73141,2568019
18-05-2015,1970,1998.9,1961.6,1993.05,3205766129,72296,1617494
15-05-2015,1935,1966.6,1932.3,1961.75,2532866454,78808,1297336
14-05-2015,1960,1960.8,1908,1934.8,3006959163,82817,1558461
13-05-2015,1951.75,1964.9,1928.5,1956.7,3459240022,55815,1774771
12-05-2015,1993.65,1994.6,1942,1947.1,4048763184,88184,2071223
11-05-2015,1965,2000,1952.2,1993.65,2369955758,54180,1196378
08-05-2015,1958,1967.55,1945.25,1957.95,2825994395,60514,1444419
07-05-2015,1922,1967.1,1910,1944,3293172516,68774,1694996
06-05-2015,1975,1975,1915.3,1922.05,5074233991,94364,2627102
05-05-2015,2000,2003.7,1952.05,1962.75,4635543851,133092,2352129
04-05-2015,1959.5,2000,1949.9,1993.1,6583671560,112574,3340398
30-04-2015,1960,1965,1932.3,1942.25,6381450710,97827,3283565
29-04-2015,1960.9,1972,1937.95,1961.15,4050550196,83132,2072264
28-04-2015,1982,1982,1952,1960.9,5099538669,105935,2598375
27-04-2015,2000,2002,1948.1,1984.65,9776101992,191419,4955660
24-04-2015,2135.9,2150.2,1980,1995.2,22548139448,317809,10891363
23-04-2015,2148.7,2150,2112,2122,6317195719,96511,2972950
22-04-2015,2151.05,2155,2097.95,2137.7,6563482786,95691,3087746
21-04-2015,2148,2155.1,2120.1,2142.6,4745571561,55322,2220412
20-04-2015,2176,2180,2115.15,2132.15,6832298664,77890,3206346
17-04-2015,2180.05,2194.95,2153.45,2179.25,3510786628,38470,1612579
16-04-2015,2222,2231,2160.5,2194.65,4917164807,55664,2251953
15-04-2015,2236.5,2245,2195.05,2213.7,3452862597,58780,1559446
13-04-2015,2238,2244,2216.1,2238.8,2723274134,44676,1218084
10-04-2015,2210.2,2238,2210.2,2233.95,3971279957,55733,1780944
09-04-2015,2211.4,2218.9,2184.4,2215,5827671747,65171,2645387
08-04-2015,2182.5,2204.9,2173.05,2200.55,5580179493,84366,2546394
07-04-2015,2175,2182.8,2138,2159.5,4614786256,71104,2135567
06-04-2015,2179,2184.7,2160.4,2178.2,4202294186,54198,1935438
01-04-2015,2198.9,2199.5,2157.7,2173.95,3657560037,90934,1684622
31-03-2015,2245,2273.65,2204.35,2218.35,4453315920,92432,2004103
30-03-2015,2205.6,2240,2194.9,2228,2562453104,52162,1155772
27-03-2015,2164,2224.7,2163,2202.15,5549435088,72286,2518555
26-03-2015,2208,2214.9,2132,2146.35,8487760947,131427,3935210
25-03-2015,2222.9,2229.15,2200.75,2219.1,3416298157,105633,1542742
24-03-2015,2234.9,2253.4,2206,2211.45,3745965785,43962,1684133
23-03-2015,2253,2275,2225.5,2233.45,2850217856,67428,1269675
20-03-2015,2241,2268.9,2232.95,2257.45,3625697619,61559,1607724
19-03-2015,2234.6,2249,2222.75,2230.45,3845130188,72890,1722935
18-03-2015,2254.5,2262.85,2222.55,2229.5,2745099823,58126,1226391
17-03-2015,2266.65,2279.5,2217.25,2240.5,3108540000,61599,1384828
16-03-2015,2210.55,2282,2210.55,2266.65,3846441862,72855,1704658
13-03-2015,2225,2230,2192.4,2220.4,3420086790,70363,1544921
12-03-2015,2179,2226.45,2177,2218.3,3142073181,53839,1422141
11-03-2015,2194.1,2240,2169.1,2182.2,3741231837,78278,1695228
10-03-2015,2198.1,2206.95,2160.2,2198,3477001163,84918,1582479
09-03-2015,2259,2259,2179,2190.05,4394234758,88526,1996180
05-03-2015,2267.05,2298.75,2233.35,2247.6,3208455383,52033,1421229
04-03-2015,2300,2313.9,2251.9,2274.65,2500652736,54424,1093807
03-03-2015,2290,2302.95,2278.3,2297.85,2812587067,63082,1226388
02-03-2015,2303,2308.5,2278.05,2291.7,4031020876,88257,1760248
28-02-2015,2274.75,2307.9,2256.2,2296.45,1823319896,35786,799334
27-02-2015,2274.9,2280.65,2251.5,2265.75,4424491186,74540,1950269
26-02-2015,2307.5,2309,2245.4,2258.1,3660544074,80377,1611444
25-02-2015,2288.9,2334.8,2280,2317.6,3501281668,60669,1511243
24-02-2015,2279,2295.95,2257.6,2272.8,3671313825,65245,1609419
23-02-2015,2300,2309.2,2248.1,2265.6,2908460735,76169,1272622
20-02-2015,2328.5,2336,2276.9,2283.1,4005441311,70405,1742907
19-02-2015,2294,2334,2292.05,2324.7,5615938341,61974,2418406
18-02-2015,2290.55,2304.95,2258.15,2296.5,4914857083,64543,2153441
16-02-2015,2280.3,2306.9,2265.25,2278.75,3563751257,90275,1561069
13-02-2015,2299.6,2326.7,2286,2296.1,3258571860,46058,1414379
12-02-2015,2283,2321.95,2273,2311.2,3617897322,66827,1571884
11-02-2015,2280.5,2293.2,2256.25,2284.85,3304009087,58510,1449243
10-02-2015,2243,2298,2241,2278.3,4835242360,84805,2129230
09-02-2015,2200,2254,2200,2248.9,3658597287,96994,1634217
06-02-2015,2205,2247.8,2188.5,2230.5,4154533923,79072,1863432
05-02-2015,2150.8,2220,2148,2193.8,6500911821,112707,2968984
04-02-2015,2139.9,2150,2126.4,2142.85,2764378328,49317,1290004
03-02-2015,2136.85,2139.95,2102,2120.9,2788217030,64490,1316489
02-02-2015,2141.5,2152,2126.05,2136.85,4661957849,47871,2175635
30-01-2015,2161.5,2162.55,2126.95,2141.9,5808066199,99180,2708436
29-01-2015,2145,2149.9,2127.6,2145.5,8229076404,79209,3842356
28-01-2015,2150,2154.8,2130.3,2144.55,7041041024,99134,3283589
27-01-2015,2221,2221,2130.1,2136.5,7373022314,117167,3434992
23-01-2015,2200,2225,2165.1,2215.05,5204623923,78929,2371582
22-01-2015,2174.8,2203,2161.3,2196.45,5459951318,82961,2489599
21-01-2015,2131.5,2175.95,2118,2169.9,4562627715,82679,2123727
20-01-2015,2107,2133,2101.45,2124.2,3603258362,66871,1701126
19-01-2015,2120,2132.35,2094.6,2102.5,2150712821,62963,1021936
16-01-2015,2148,2160,2112,2118.3,3555858248,63848,1672740
15-01-2015,2135.2,2152.8,2112.25,2134.25,4457910971,48882,2085613
14-01-2015,2098.5,2133,2092.6,2128.65,5235637593,53263,2480315
13-01-2015,2107.8,2107.8,2075,2088.9,4597373807,66676,2200309
12-01-2015,2092,2119.2,2075,2115.95,6696515951,107209,3189722
09-01-2015,1980.1,2109,1913.05,2074.45,22854388870,359214,11215832
08-01-2015,1985.6,1997,1950,1973.45,6690160291,92752,3391230
07-01-2015,1965,1974.75,1950,1963.55,3557161837,62463,1812479
06-01-2015,1980,1985,1934.1,1954.2,4724458454,108209,2416829
05-01-2015,2009.9,2030,1977.5,1995.9,4979910938,82694,2484256
02-01-2015,1972,2019.05,1972,2013.2,3394668524,54166,1694580
01-01-2015,1968.95,1982,1956.9,1974.4,987030556.4,14908,500691
31-12-2014,1955,1978.95,1950,1972.55,3429407415,35025,1742202
30-12-2014,1962.25,1975,1956.8,1966.35,2281358901,59166,1160138
29-12-2014,1956.05,1972.8,1952.5,1957.8,1368341280,33995,698169
26-12-2014,1945.1,1960.7,1930.95,1952.25,1103949993,28049,567187
24-12-2014,1976,1987,1915.05,1930.55,13244837671,71870,6834872
23-12-2014,2000.85,2021.9,1963.6,1971.65,4074739585,82095,2049238
22-12-2014,2006,2010.1,1975.35,1999.6,5203525385,78654,2616276
19-12-2014,1997.6,2008,1986,1998.65,7132546914,110672,3573658
18-12-2014,1954,1981.8,1944.75,1965.9,9793454522,115260,4987495
17-12-2014,1936,1955.5,1896.3,1938.5,8629426284,106182,4462944
16-12-2014,1925.7,1951.6,1925.7,1938,8634464450,112848,4448189
15-12-2014,1904.95,1957.25,1904.9,1924.8,6232144438,71918,3241571
12-12-2014,1939.05,1960.4,1918.1,1938.65,7065130203,124280,3643125
11-12-2014,1951,1953.95,1915,1921.05,3993352596,85589,2071483
10-12-2014,1966,1985,1959.1,1963.75,3841993037,61729,1951178
09-12-2014,1982.75,1986,1952.45,1964.8,4940618049,100292,2512615
08-12-2014,2009,2019,1957.75,1970.15,82685068301,199122,41580102
05-12-2014,2115,2116.6,2059.8,2070.3,3824320996,81929,1839690
04-12-2014,2110,2144.9,2095,2101.8,4960847514,76687,2349807
03-12-2014,2101.5,2132.95,2084.55,2123.5,6735728670,121736,3193761
02-12-2014,2164.95,2164.95,2115,2126.6,5688309769,80363,2663748
01-12-2014,4387,4402.2,4292.6,4349.85,9974843286,69001,2292733
28-11-2014,4370.1,4398,4343.4,4359.85,7838131169,54548,1793408
27-11-2014,4321.9,4376.4,4312,4365.9,9467655379,74048,2173629
26-11-2014,4300,4317.7,4271.6,4300.45,4255508363,53341,991350
25-11-2014,4295,4319.95,4246,4303.2,7987751855,117146,1860822
24-11-2014,4200,4281.65,4191.95,4275.1,5868582519,74227,1380930
21-11-2014,4170,4179,4101.6,4146.15,5427121794,69014,1307909
20-11-2014,4190,4232.5,4183.85,4225.6,2816097869,47251,668491
19-11-2014,4180,4189.95,4139.75,4173.35,2703843065,49340,650140
18-11-2014,4225,4227.8,4172.1,4182.35,2756838596,56184,658390
17-11-2014,4185,4227.9,4148.1,4218.45,2854490241,42830,682273
14-11-2014,4194,4211.45,4174,4191.65,2743272727,60075,654147
13-11-2014,4122,4201.05,4112.4,4178.6,2575316890,38025,619585
12-11-2014,4121,4150.7,4097.1,4106,2777109169,33273,674112
11-11-2014,4165,4165,4103.8,4125.2,3225149088,62444,781886
10-11-2014,4175.05,4181.1,4140,4165.5,2909418234,53788,699271
07-11-2014,4118.3,4183,4118.3,4166.6,5184619449,80884,1246300
05-11-2014,4085,4154,4057,4124.8,5245033740,64758,1280135
03-11-2014,4076.9,4110,4032.45,4085.9,4367749566,72238,1072301
31-10-2014,3987.05,4066,3987.05,4051.25,4367163350,83031,1083850
30-10-2014,3896,3981.25,3896,3946.55,7529901192,86001,1905651
29-10-2014,3812.95,3892.7,3812.95,3881.45,3965507430,56912,1028667
28-10-2014,3765,3812.35,3765,3788.25,3156940843,71255,833296
27-10-2014,3850,3850,3782.2,3803.05,2265584976,42458,595969
23-10-2014,3804.85,3813.45,3797.15,3805.05,309296950.1,5901,81303
22-10-2014,3809.3,3811.9,3776.2,3796.05,2539670393,37920,669165
21-10-2014,3849.9,3849.9,3710,3772.95,12193215497,85424,3260173
20-10-2014,3853,3862.55,3802.1,3812.35,3677894058,76003,962840
17-10-2014,3864.9,3922.8,3837.1,3851.65,3964720630,68938,1023752
16-10-2014,3900.1,3938.3,3854.35,3865.3,4876343752,90767,1252174
14-10-2014,3965,3965,3900,3918.3,3367299009,90853,857564
13-10-2014,3889.3,3985,3889.3,3942.55,8750797205,137744,2215873
10-10-2014,3660,3908,3572.7,3888.65,22049911041,261112,5736632
09-10-2014,3700,3714,3625.9,3646.8,5687843520,82868,1554104
08-10-2014,3785,3792,3641,3650.15,9379927813,132545,2540960
07-10-2014,3769.3,3892.95,3769.3,3831.3,9638371552,125004,2507932
01-10-2014,3722,3859.95,3722,3847.3,4519865777,67772,1183858
30-09-2014,3744.2,3756.3,3701.1,3747.75,3235785266,40128,865921
29-09-2014,3701,3760.95,3681.1,3749.05,2334275010,34676,624518
26-09-2014,3685,3720.25,3660.5,3680.15,4081443456,52971,1108105
25-09-2014,3650,3718.8,3646,3691,11499288123,95343,3121939
24-09-2014,3630,3672.25,3598.25,3644.8,2536339284,41205,695570
23-09-2014,3645,3683.45,3595.55,3607.1,5912158272,79696,1620288
22-09-2014,3680,3682.75,3632,3650.6,3926805724,73409,1076505
19-09-2014,3699,3787.9,3681.3,3702.05,6862026037,72183,1844377
18-09-2014,3673.95,3729.7,3654.45,3697,4206302999,62542,1138097
17-09-2014,3679.9,3748.1,3671.1,3741.05,3682278429,72821,990765
16-09-2014,3646,3690.5,3623.6,3651.25,2301940173,28843,629363
15-09-2014,3665,3668,3627.3,3641.3,2256861565,26770,619850
12-09-2014,3688,3708,3650,3669.9,1792600247,36413,488444
11-09-2014,3674,3699.7,3630.6,3684.15,2303105086,55388,626629
10-09-2014,3708,3708,3660,3667.3,2333783253,36897,635094
09-09-2014,3748,3755.45,3720,3736.05,2014260516,28972,539600
08-09-2014,3732.7,3790.5,3732.7,3781.65,3061332043,40571,814662
05-09-2014,3732,3795,3705.35,3730.75,3023519497,44496,808544
04-09-2014,3725,3725,3697.85,3708.75,2891224172,56359,779808
03-09-2014,3610,3746.4,3610,3734.25,5485274236,79834,1482195
02-09-2014,3600,3625,3555.55,3613.75,1608944878,50768,447979
01-09-2014,3610.05,3618.9,3585,3599.65,1640283894,38596,455394
28-08-2014,3629,3633.65,3581.2,3598.8,3422343829,60314,949913
27-08-2014,3630,3650,3601.1,3630.55,2530151714,60034,696234
26-08-2014,3622,3640,3600,3624.15,2644663525,60788,730266
25-08-2014,3599,3635.7,3562.05,3627.8,1896976571,43844,524794
22-08-2014,3548.95,3608,3548,3601,2179259946,58447,606880
21-08-2014,3556.25,3563.4,3530,3548.95,1903894612,54150,537360
20-08-2014,3563,3582.5,3547,3554.55,1751498906,36010,492278
19-08-2014,3561,3589,3530,3547.8,2857705291,63828,803103
18-08-2014,3612,3612,3550,3559.8,3027427309,77550,847236
14-08-2014,3608,3627.7,3586.6,3612.55,3052665157,44081,845310
13-08-2014,3560.05,3625,3550.75,3608.4,4022138603,60497,1117670
12-08-2014,3599,3599,3541,3576.8,2636912453,30201,739617
11-08-2014,3524,3583.7,3510,3573.5,2495523437,51438,703584
08-08-2014,3500,3520,3475,3482.65,1663107291,29694,476419
07-08-2014,3499,3544.4,3482.35,3507.35,3411164790,44860,969278
06-08-2014,3525,3608.35,3525,3575.85,8048405896,97143,2250523
05-08-2014,3476,3520,3470.05,3513,4802565520,63849,1373203
04-08-2014,3355,3482.9,3349.3,3465.55,5629186041,96977,1635870
01-08-2014,3350,3392,3330,3341.3,3191581459,54025,950876
31-07-2014,3380,3394.9,3343.2,3367.65,3563009543,49566,1057146
30-07-2014,3394,3394,3345.6,3372.2,4190615460,40408,1241840
28-07-2014,3345,3387,3320.85,3371.1,1935530341,43307,575181
25-07-2014,3399,3399,3304.7,3352.2,2232481985,52068,667209
24-07-2014,3344,3395,3321.45,3382.25,2333893194,49756,696445
23-07-2014,3249,3355,3249,3349.45,4904821032,104023,1478417
22-07-2014,3205,3246.7,3198.05,3233.7,3514907180,59869,1091670
21-07-2014,3255,3273.35,3188.1,3200.7,2995942847,45322,929496
18-07-2014,3253,3274.7,3243.6,3251.55,1667596161,46639,512296
17-07-2014,3260.1,3345.9,3231.65,3239.3,2020969992,38741,618334
16-07-2014,3240,3245,3203.25,3229.6,1849566357,33671,573686
15-07-2014,3239,3257.95,3217.05,3225.65,1671533554,45886,517475
14-07-2014,3315,3315,3185.8,3225.25,3315697168,73868,1028950
11-07-2014,3401.4,3432,3300.35,3326.65,6624209414,112001,1978295
10-07-2014,3315,3381.7,3250.6,3292.7,4725792039,111179,1418202
09-07-2014,3330,3384,3290,3310.35,3441945560,75486,1033844
08-07-2014,3349,3406.35,3303.05,3342.15,4801126921,87942,1432560
07-07-2014,3265,3368,3260,3345.45,4850850506,72438,1454789
04-07-2014,3200.05,3258.4,3200.05,3245.95,2319718616,78491,719121
03-07-2014,3210.2,3228.4,3190.5,3210.7,3012009948,76610,938114
02-07-2014,3212,3243.6,3198.2,3215.3,2460173207,77411,764954
01-07-2014,3245,3254.8,3206,3221.05,1878772995,37209,582814
30-06-2014,3220,3263,3211.4,3255.55,2962885797,50263,911322
27-06-2014,3200,3235.6,3172,3223.4,2773274925,70301,861343
26-06-2014,3220,3235,3168.75,3182.5,2940545618,41561,922069
25-06-2014,3245,3245,3206,3211.25,2587924111,56604,804190
24-06-2014,3230,3234.9,3192.15,3203.8,4264369176,84836,1329753
23-06-2014,3300,3308.95,3221.45,3232.55,2568375118,73560,791014
20-06-2014,3320,3339.4,3292.85,3316.6,3671425373,72433,1106625
19-06-2014,3245.85,3323,3245.1,3311.9,4660261546,124172,1414213
18-06-2014,3245,3275,3212.75,3240.5,3974725731,79398,1223910
17-06-2014,3249,3267,3218.55,3246.85,4096906531,74804,1259924
16-06-2014,3186,3259.7,3180,3244.15,3792942150,80810,1171916
13-06-2014,3188.5,3207,3131.05,3187,4027376430,94715,1268968
12-06-2014,3280,3297.05,3120.7,3175.05,8419860528,163409,2641107
11-06-2014,3105,3257.25,3090.35,3193.35,8146073014,138700,2546963
10-06-2014,3000,3089.2,2996.35,3075.15,3981597854,83561,1309897
09-06-2014,3006,3015,2976.1,2986.45,4055325508,78968,1357293
06-06-2014,3000.15,3010,2950,3003.05,6283168505,137765,2110303
05-06-2014,3000,3068.4,2962,3041.15,4551449388,103719,1519215
04-06-2014,3015,3027.35,2953.5,2984.5,2051448941,57942,688501
03-06-2014,3008,3036.95,2974.75,3017.2,2565450448,59185,853117
02-06-2014,2960.5,2997.7,2960.5,2993.15,2325310249,47069,778732
30-05-2014,2940,2959.45,2880,2939.4,10278774320,123309,3504452
29-05-2014,3025,3025,2915,2924.5,15245816235,221589,5167666
28-05-2014,3123.5,3188,3118,3173.3,2130202763,64482,673665
27-05-2014,3100,3155,3099.5,3134.05,1955902946,59605,623016
26-05-2014,3071,3110.95,3050.15,3094.85,2222491949,44262,718818
23-05-2014,3125,3171,3012.15,3069.55,3524574288,78657,1135222
22-05-2014,3160,3180,3081.15,3113.9,3830155342,55699,1229093
21-05-2014,3118,3164.3,3099.05,3157.1,2666896478,84270,848538
20-05-2014,3049,3138.85,3042.2,3122.2,3400800398,89593,1098418
19-05-2014,3198,3198,3000.1,3015.05,6533090611,109779,2155814
16-05-2014,3299,3340,3059.05,3177.55,5700136603,115835,1773599
15-05-2014,3254.1,3294.85,3205.25,3272.45,3411806434,48138,1051149
14-05-2014,3250.25,3265,3217.15,3254.1,2104767462,50507,648086
13-05-2014,3183,3275,3183,3265.25,2957414763,71192,912496
12-05-2014,3118.2,3186.5,3105.05,3175.1,2771980410,45319,880525
09-05-2014,3065,3125,3052.85,3111.45,2396188657,46522,772425
08-05-2014,3070,3088.4,3046.45,3065.3,3506571692,53685,1145249
07-05-2014,3151,3170,3050,3067.35,6015536246,89390,1949509
06-05-2014,3176.9,3184.5,3155,3165.15,1806287680,31473,570753
05-05-2014,3192,3233,3174.55,3176.9,1671917320,37693,524586
02-05-2014,3185,3247,3185,3219.7,1917297589,33364,595549
30-04-2014,3177.65,3190,3171,3180.8,3075999837,42805,967742
29-04-2014,3183,3195,3171,3177.75,1923892614,32535,604433
28-04-2014,3169,3193,3165,3178.05,2401491020,48043,755310
25-04-2014,3188,3200,3163.35,3175.6,2366241187,33128,745363
23-04-2014,3174.05,3191.85,3164,3172.65,4771823149,81404,1502090
22-04-2014,3172.05,3200,3142.4,3150.65,2619336070,81489,828362
21-04-2014,3210,3220,3170,3182.95,2437328482,70528,764953
17-04-2014,3180,3210.05,3158.35,3192.05,3344606997,73687,1048989
16-04-2014,3241.95,3241.95,3147.5,3157.3,5240223411,119238,1649788
15-04-2014,3332.2,3388,3247.5,3259.8,8593220587,115223,2597798
11-04-2014,3210,3255.6,3165,3235.15,7476007910,124553,2334792
10-04-2014,3254.5,3257.75,3186.15,3201.2,8535512793,71570,2657905
09-04-2014,3281.05,3309.8,3230.5,3254.55,4335099174,115036,1333085
07-04-2014,3298,3314.45,3256,3293.4,2914489258,56028,887193
04-04-2014,3351,3356,3306.1,3316.05,1635395923,42189,490698
03-04-2014,3339.5,3348,3319.05,3338.15,1958759476,68049,587527
02-04-2014,3348.8,3350,3310.5,3322.05,2353012164,74225,705550
01-04-2014,3283.05,3325,3275,3313.95,3569724437,97887,1078544
31-03-2014,3285.3,3304.95,3230.05,3282.8,3747983272,101552,1147116
28-03-2014,3240.1,3279,3227.3,3262.6,2907061198,66210,893353
27-03-2014,3248,3262.9,3215.95,3231.05,5500978551,57445,1699921
26-03-2014,3260,3268.95,3230.6,3248.9,3440709906,66197,1057321
25-03-2014,3248,3279.7,3246,3254.4,3077903656,77162,943508
24-03-2014,3272.2,3318.45,3270,3275.8,3346904364,94384,1020043
22-03-2014,3294,3313.8,3281.2,3296.05,170417244.2,3151,51669
21-03-2014,3330,3338,3270.5,3305.65,5107797720,76457,1547540
20-03-2014,3270,3349.5,3270,3303.05,3324587291,57561,1002879
19-03-2014,3350,3357.85,3238.75,3271.75,6453064649,143832,1972231
18-03-2014,3400,3411.9,3340,3350.55,4976424868,104770,1475539
14-03-2014,3340,3403.9,3335.05,3394.15,4721627215,95242,1395943
13-03-2014,3420,3439.9,3340,3357.6,17261392183,256451,5098860
12-03-2014,3673.4,3703.35,3652,3671.3,1807558197,45369,492513
11-03-2014,3653,3708.9,3631.05,3675.35,1895936687,35319,515534
10-03-2014,3729.7,3729.7,3645.3,3671.6,3411673946,64998,929059
07-03-2014,3827,3834,3708.3,3740.3,7068894064,99935,1884093
06-03-2014,3838,3849.95,3817.35,3831.9,2980613527,65047,778289
05-03-2014,3827.9,3844.4,3809.9,3821.7,2365776020,48641,617938
04-03-2014,3770,3824.45,3761.9,3799.55,3294424418,49982,867239
03-03-2014,3825,3849.95,3791.95,3798.25,3433492207,55090,900522
28-02-2014,3761.1,3837.15,3761.1,3824.85,4689238737,76621,1229937
26-02-2014,3780,3817.8,3772.1,3807.5,3492666508,48908,919021
25-02-2014,3755,3792.1,3755,3782.9,3829772494,33909,1012439
24-02-2014,3746,3753.7,3730,3749.9,2040472153,38487,544701
21-02-2014,3736,3755.4,3727.25,3750.7,2580864425,61267,689748
20-02-2014,3744.9,3744.9,3706,3711.25,4102736413,26707,1102106
19-02-2014,3695.65,3762,3695.1,3753.4,3297849882,58699,883038
18-02-2014,3647,3694.6,3647,3682,2287609486,16735,622280
17-02-2014,3685,3685,3648.85,3658.15,6219188039,36332,1696240
14-02-2014,3615.55,3664,3603.25,3644.3,2703634556,59800,745271
13-02-2014,3604.8,3617.95,3580.05,3585.8,1611730573,23430,448540
12-02-2014,3600.5,3627.45,3593.2,3600.1,1898697518,31693,526089
11-02-2014,3584,3622,3573.5,3596.25,2624835041,32700,729199
10-02-2014,3579.9,3586,3557.5,3573.8,2701617778,50814,756178
07-02-2014,3587,3601.85,3548.85,3566.55,3383061498,74043,943932
06-02-2014,3572,3583,3541,3563.7,2557783010,56963,718738
05-02-2014,3580,3589,3542.75,3581.25,1929840250,37096,540874
04-02-2014,3581,3591.95,3546.55,3561.1,2021644292,37361,566889
03-02-2014,3685,3692,3624.8,3629.15,1995964029,27647,548014
31-01-2014,3700,3739.75,3686.55,3701.1,2495628289,33186,671241
30-01-2014,3703.7,3716.7,3660,3704.25,3312964929,57064,897954
29-01-2014,3666,3743.7,3653.65,3717.8,3756012545,48870,1012760
28-01-2014,3707,3708.7,3666.85,3675.1,6496073289,81381,1763568
27-01-2014,3720,3763.9,3711.2,3732.2,3785379767,51163,1012381
24-01-2014,3765,3796.95,3754.7,3758.15,3243427784,58213,859573
23-01-2014,3784.1,3799,3760.85,3792.5,3736441660,90117,988418
22-01-2014,3741.2,3778,3740.05,3765.9,3184713955,81973,846220
21-01-2014,3750,3770,3718.35,3758.35,5665601042,51076,1512808
20-01-2014,3712,3759.95,3704.45,3749.3,4555251904,77103,1220243
17-01-2014,3729,3764.65,3720,3729.75,12024653127,95916,3208487
16-01-2014,3699,3737.45,3693.65,3725.05,8190777827,96512,2201029
15-01-2014,3695.3,3724.35,3681,3712.05,7938093291,130924,2141268
14-01-2014,3645,3695,3640.45,3686.75,3404948215,59808,928229
13-01-2014,3582,3675,3582,3665,7833521978,132647,2139989
10-01-2014,3490,3575,3448,3551.25,13367759100,190570,3782272
09-01-2014,3440,3482,3417.85,3450.8,5435659118,122460,1573851
08-01-2014,3461,3475,3421,3428.1,3862550701,94416,1123799
07-01-2014,3519.05,3525.9,3446.7,3457.15,3353983327,66664,964211
06-01-2014,3575.1,3580.5,3468.6,3517.9,4883727082,79022,1387291
03-01-2014,3475,3575,3454.25,3565.15,4445389364,74223,1255793
02-01-2014,3463.25,3508,3463.25,3480.55,1917898709,28599,550593
01-01-2014,3492,3499,3462.05,3468,642063885.4,11876,184836
31-12-2013,3500,3521.7,3480.25,3485.65,1566839587,22495,448851
30-12-2013,3567.7,3575,3475,3502.35,5198245165,59721,1482929
27-12-2013,3530,3572,3529.95,3561.3,3286067252,64334,922758
26-12-2013,3487,3534.4,3483.75,3520.65,3015388362,32059,858741
24-12-2013,3486,3502.9,3466.1,3486.4,3097016985,44515,888739
23-12-2013,3500,3539.9,3460.55,3468.45,3852245048,85770,1105738
20-12-2013,3525,3573,3508.4,3551.35,3843575283,70717,1085682
19-12-2013,3462.5,3544.95,3455,3512.25,3216722329,65314,916432
18-12-2013,3450,3473.75,3447.5,3457.45,3971006289,65090,1147918
17-12-2013,3445.1,3484.9,3445.1,3456.35,4638836499,55887,1339244
16-12-2013,3380,3464,3353.8,3452.25,4355308583,66479,1264712
13-12-2013,3345,3380,3345,3373.85,3498112557,54225,1039453
12-12-2013,3364.4,3385.7,3348,3363.85,2322641176,76808,690029
11-12-2013,3365,3381.7,3340,3374.35,2629863774,40077,782120
10-12-2013,3335,3389.85,3331.55,3370.85,5200023792,70004,1543237
09-12-2013,3365,3384.05,3321.05,3338.8,3697486848,57190,1107079
06-12-2013,3339.05,3349,3318.2,3325.8,2723783647,56656,818106
05-12-2013,3380,3399,3342,3351.3,2651753980,63034,789634
04-12-2013,3350,3386,3336.8,3365.35,3557629476,47466,1055390
03-12-2013,3320,3359.5,3320,3348.75,2931364681,45932,875155
02-12-2013,3352,3376.9,3325.1,3338.7,1971965857,35206,588922
29-11-2013,3336,3366,3310,3354.55,2268266533,61439,676445
28-11-2013,3301.4,3338,3265,3327.8,3091341157,61273,937496
27-11-2013,3320,3335.85,3285.8,3293.3,2797653328,63908,847453
26-11-2013,3320,3349,3292.65,3316.2,3033658182,47142,915137
25-11-2013,3352,3378.8,3307,3326,2374607584,63792,713412
22-11-2013,3346,3375,3336,3347.6,1141039124,25557,340117
21-11-2013,3396,3400,3313.1,3344.35,3546790758,85813,1061937
20-11-2013,3409,3443.3,3395,3402.2,1837696463,38084,538326
19-11-2013,3406,3448,3400.05,3442.95,3844974455,66445,1121901
18-11-2013,3391,3415,3387.85,3404.1,2688922028,53022,790817
14-11-2013,3352.3,3375,3350.05,3354.25,1825158573,33967,542941
13-11-2013,3316.05,3358.6,3316.05,3332.05,1958458797,45077,585939
12-11-2013,3362.5,3375,3328.1,3336.85,2702801003,50385,806523
11-11-2013,3350,3398,3340.1,3362.6,3285017231,55737,975400
08-11-2013,3350,3389.2,3350,3360.05,3623058087,42636,1077014
07-11-2013,3321.65,3399.95,3313.6,3357.6,3025495733,56518,899089
06-11-2013,3275.3,3312.2,3275.3,3306.15,1528602785,20832,463083
05-11-2013,3252,3290.55,3233,3265.85,2172231194,57858,665029
03-11-2013,3280,3295.75,3273.2,3279.4,165787120.2,5068,50502
01-11-2013,3300,3315,3269.4,3276.7,2533376679,72466,770838
31-10-2013,3304.3,3328,3296.2,3309.9,4012445903,47300,1210943
30-10-2013,3311,3338.85,3307.45,3323.9,2323327422,45439,698886
29-10-2013,3319.5,3364.95,3306.75,3335.6,2166087331,32772,650049
28-10-2013,3317.2,3334.9,3293.15,3323.45,1417694958,38481,426556
25-10-2013,3328,3350,3306.3,3331.55,2503401415,54716,751418
24-10-2013,3302.3,3375,3290.05,3308.75,2694711171,54918,810070
23-10-2013,3320,3338.8,3279,3324.8,2713227620,48896,820198
22-10-2013,3338,3364.2,3325.4,3342.35,3016509827,36468,901095
21-10-2013,3333,3377.7,3265.1,3335.45,3870062535,57015,1172921
18-10-2013,3286,3323.9,3261,3314.55,4520795391,58826,1368097
17-10-2013,3330.2,3357.9,3260,3268.5,4767025180,83876,1439126
15-10-2013,3324,3367.05,3312.8,3354.8,3852840677,72505,1152665
14-10-2013,3256,3335.55,3256,3324.35,5063175852,90393,1528964
11-10-2013,3335,3338,3156.8,3274.5,16834849880,237712,5161325
10-10-2013,3125.1,3160.95,3090.75,3127.6,6806703987,94071,2179336
09-10-2013,3027,3131.4,3010,3109.85,6653168595,76208,2171474
08-10-2013,3040.3,3052,3022.3,3034.15,6814067170,40099,2247864
07-10-2013,3015,3039.75,3006.4,3021.85,3697126151,49198,1224418
04-10-2013,3026.25,3039,3005,3016.4,2776626176,59650,919102
03-10-2013,3035,3047,3020,3037.15,5566457681,97949,1835839
01-10-2013,3030,3038.3,3003,3015,2003238753,54882,663777
30-09-2013,3020.2,3055,2997.55,3013,3287425555,45806,1084898
27-09-2013,3024,3051,2991,3006.6,2149835174,66381,712696
26-09-2013,3034,3036.85,3001,3012.3,4031947160,49474,1335305
25-09-2013,3031.8,3035,2992.65,3009.65,3043151078,56131,1010097
24-09-2013,3030,3031,2996.9,3015.1,4428868225,114730,1469032
23-09-2013,3005,3043.95,3001.05,3019.4,3359820168,78450,1110797
20-09-2013,3000,3032,2983.5,2995.15,3006019662,40403,998964
19-09-2013,2999,3035,2992.3,3019,5788960659,82856,1915976
18-09-2013,3025,3029.25,3005,3017.15,2802909922,66270,929977
17-09-2013,3017,3029.95,2991,3022.6,3022964984,54920,1003410
16-09-2013,3025,3057.95,2980.1,2993.4,2375526138,58103,791523
13-09-2013,3060.25,3065.85,3013.3,3028.05,3506358050,83145,1156923
12-09-2013,3105,3119.1,3048,3065.85,2669144968,75927,869680
11-09-2013,3145,3172.95,3107.75,3119.1,3575790614,81448,1143210
10-09-2013,3032,3188,3032,3158.9,8513723422,139218,2734892
06-09-2013,3005.9,3071.9,3005.9,3029.05,5119990971,73737,1683241
05-09-2013,3096.7,3096.7,2995.1,3004.8,3565268549,103039,1182134
04-09-2013,3059.7,3139.9,3055.6,3112.7,3489556518,76316,1122425
03-09-2013,3072,3094.5,3016.8,3033.7,2383594537,60950,783414
02-09-2013,3077.1,3127.6,3064.6,3085.9,1983671305,33933,640630
30-08-2013,3092,3122.9,3037.5,3105.85,4897349585,111536,1584820
29-08-2013,3070,3126.95,3061,3104.6,7788973365,105103,2510786
28-08-2013,3052,3130,3052,3116.25,5567898383,93133,1791212
27-08-2013,3032,3080,3031.9,3056.05,3262248029,61573,1065694
26-08-2013,3019.95,3049.85,3008.5,3030.7,2111689300,49072,696443
23-08-2013,3005,3019.95,2982.3,3000.7,2060318311,41037,687358
22-08-2013,2989,3036.45,2964,3020.2,4117838193,82245,1370727
21-08-2013,2994.8,2994.8,2922.1,2958.75,2771770222,51677,940823
20-08-2013,3020,3021,2982.5,3006.65,3890277209,94865,1295257
19-08-2013,2990.1,3026.95,2950.95,3005,1969286588,48320,657416
16-08-2013,3020,3039.95,2967.65,2978.4,4529305554,77739,1510952
14-08-2013,3070,3094.9,3042.55,3069.65,3531219854,53212,1151401
13-08-2013,3008.1,3094,3008,3083.6,3962673607,66610,1291789
12-08-2013,2976,3020,2971,3005.4,2843103091,51896,949297
08-08-2013,2940,2978,2940,2964.55,2134484780,43195,720671
07-08-2013,2975,3002.8,2951.25,2963.35,2416516424,56887,812951
06-08-2013,3008,3012,2951.05,2987.35,3742880642,54570,1253979
05-08-2013,2998.8,3025,2996.5,3009.05,3201920809,97366,1062848
02-08-2013,2985,3020,2981.1,3008.8,4496585359,131521,1495287
01-08-2013,2988,2995.15,2956.75,2974.65,3234401406,56185,1086329
31-07-2013,2969,2991.6,2928.2,2969.65,4379016287,84018,1475916
30-07-2013,2931,2973,2931,2955.7,2340107787,57518,792026
29-07-2013,2910,2944,2910,2921.2,1597275097,28452,545369
26-07-2013,2930,2953,2902.6,2913.3,2527489074,91235,862455
25-07-2013,2909,2945.35,2901,2915.3,2620216885,38680,897211
24-07-2013,2880,2927,2880,2908.6,1773122528,42557,609410
23-07-2013,2890,2917.15,2890,2901.95,2239475903,48016,771060
22-07-2013,2822.2,2894.9,2822,2876.75,2425916468,54822,843892
19-07-2013,2803,2865,2803,2847.45,5846423956,101074,2050355
18-07-2013,2754,2817.5,2738.85,2800.75,4573539602,87256,1634837
17-07-2013,2731.65,2758.35,2731.65,2750.85,2258098809,58165,821881
16-07-2013,2702.05,2770.6,2681.05,2728.8,2160384407,66270,787692
15-07-2013,2785.05,2790,2728.3,2742.7,4427644757,123550,1609280
12-07-2013,2781.15,2905.6,2750,2804.2,18602227601,338508,6609130
11-07-2013,2535,2563.45,2509.75,2528.35,4977798525,102913,1963120
10-07-2013,2505,2520,2493,2501.15,2150863789,47154,858177
09-07-2013,2481,2514,2481,2498.2,2688315412,79300,1076421
08-07-2013,2485,2494,2460.5,2468.15,1673380403,43424,676896
05-07-2013,2467,2483.55,2438.7,2456.2,1336484187,26955,542170
04-07-2013,2433,2475.15,2420,2468,1597368881,34857,651348
03-07-2013,2401,2451.9,2392.6,2404.5,1614146464,43739,668732
02-07-2013,2448.1,2463.55,2400,2403.95,1548381059,39128,638854
01-07-2013,2469,2473.5,2441.1,2451,1293648970,39596,526135
28-06-2013,2471.2,2507.75,2424,2498.85,3616633717,79414,1463424
27-06-2013,2421,2499.95,2412.6,2482.8,3283639061,64978,1333868
26-06-2013,2391.6,2414.6,2371.65,2399.4,1666732270,45279,695904
25-06-2013,2380,2386.85,2345,2373.9,1716345633,36556,723830
24-06-2013,2402.5,2403.25,2351.9,2380.4,2179261517,51157,917069
21-06-2013,2370.6,2432,2370.6,2418.75,1850659820,48897,770171
20-06-2013,2428,2448,2342.75,2369.1,2043512213,49540,850366
19-06-2013,2446,2448.7,2407.3,2438.35,1770257271,46778,729604
18-06-2013,2430,2460,2424.7,2446.55,1309138295,36006,535613
17-06-2013,2411.45,2426,2394.85,2422.6,821083072,24004,340063
14-06-2013,2391.7,2409,2377.15,2394.95,1671831992,54930,698008
13-06-2013,2424,2425,2375,2379.9,1241900330,28646,519291
12-06-2013,2462.25,2506.4,2412.85,2421.35,1819350302,41403,740911
11-06-2013,2490,2514.5,2465.85,2475.5,1855174139,33670,744713
10-06-2013,2460,2498,2457.2,2486.75,1331146543,31804,536130
07-06-2013,2425,2472.9,2420,2446.8,2026955975,56804,827271
06-06-2013,2450,2454.65,2415.9,2429.65,2284980118,66292,938654
05-06-2013,2480,2490.2,2455,2461.25,1569741017,32566,634848
04-06-2013,2490,2519.45,2463.6,2495.9,3652912213,75949,1464320
03-06-2013,2525,2625,2475.15,2514.1,10568233704,198328,4151906
31-05-2013,2342,2434.9,2342,2411.7,5541480273,120841,2312288
30-05-2013,2333.5,2348.65,2316.5,2341.45,1852104353,45818,792329
29-05-2013,2370,2391,2333,2352.4,1523323484,27765,645816
28-05-2013,2370,2380,2353.65,2366.2,1252378571,35470,529369
27-05-2013,2341.2,2386,2330.3,2372.7,981364283.1,30803,415646
24-05-2013,2361.6,2385,2334,2347.9,1082594618,27141,461081
23-05-2013,2376,2419.25,2356.15,2359.85,1515982960,52435,637573
22-05-2013,2400,2433,2378.25,2385.3,1877503931,58145,780709
21-05-2013,2370.2,2417.05,2366.95,2397.6,1696294743,46400,707516
20-05-2013,2346,2383,2344,2372.05,2596542402,55829,1094786
17-05-2013,2336.9,2369,2335,2351.75,1889620319,43520,803969
16-05-2013,2353.5,2359.8,2313.25,2332.6,2038659313,47181,873969
15-05-2013,2353,2372.7,2347.4,2360.45,2619305673,64802,1111647
14-05-2013,2337.3,2370.8,2337.3,2350.05,1319162998,37134,560556
13-05-2013,2355,2362.15,2330.3,2339.6,1467390844,34655,626870
11-05-2013,2360.1,2370,2351.1,2361.95,60980555.55,1709,25804
10-05-2013,2362.1,2385,2357.1,2371.55,1344054778,40928,566755
09-05-2013,2351.9,2368.9,2350,2361.4,1346314255,39378,570178
08-05-2013,2365,2380,2338.05,2350.65,2140278833,44523,909794
07-05-2013,2350,2355,2324.75,2348.8,2046527527,49339,872888
06-05-2013,2315,2345,2315,2341.1,1753033489,43539,750013
03-05-2013,2296.75,2324,2278.2,2307.95,2632612225,80773,1139649
02-05-2013,2236,2291.45,2236,2286.7,2670212767,82309,1172023
30-04-2013,2234,2242.35,2222.2,2235.45,2465993436,69002,1105090
29-04-2013,2206,2248.8,2186,2229.3,2496420268,90238,1120710
26-04-2013,2220.1,2237.8,2202.5,2212,3078248269,116197,1391198
25-04-2013,2248,2250,2223.15,2227.7,3845215200,90760,1720293
23-04-2013,2250,2270.6,2244.4,2262.25,2223083985,77747,983745
22-04-2013,2291.6,2293,2223.55,2244.55,4324679503,108159,1925161
18-04-2013,2286.4,2323,2281.3,2295.7,3794293729,80184,1653046
17-04-2013,2300,2311.95,2250,2283.85,4326594778,104715,1893643
16-04-2013,2319,2326,2287,2296.25,4120736488,118241,1787717
15-04-2013,2290,2357,2204,2339.05,18990826898,371091,8319997
12-04-2013,2625.05,2625.05,2268.7,2296.65,28978333007,567605,12253468
11-04-2013,2866.5,2935.6,2834.9,2916.7,6145240898,130504,2127334
10-04-2013,2803,2827.8,2776.25,2815.65,2294832018,82876,818952
09-04-2013,2833.55,2838.95,2756.25,2766.35,3779427300,54872,1355082
08-04-2013,2850,2873.65,2827.25,2831.9,1320755197.6,53260,464545
05-04-2013,2879,2899,2850,2865.85,1573071710.8,39494,546620
04-04-2013,2945,2949.15,2872.05,2880.05,2714997400.25,66788,937495
03-04-2013,2948.9,2999.55,2948,2968.45,3108808140.45,47275,1044434
02-04-2013,2930,2989.7,2914.85,2969.05,3597167854.35,123726,1215111
01-04-2013,2910.75,2953.55,2910.75,2944.2,2725807137.7,82593,927755
28-03-2013,2865,2896.95,2851.2,2889.35,4454049727.05,53093,1543506
26-03-2013,2845,2869.65,2834,2854.55,1217695461.45,34280,426948
25-03-2013,2845.2,2865,2832.65,2852.75,1793837167.6,42722,629607
22-03-2013,2849.95,2875.5,2830,2863.2,2633075200.55,72423,921286
21-03-2013,2883,2894.5,2862,2872.8,3575831067.85,79563,1242510
20-03-2013,2864.8,2874.7,2827.55,2865.65,3201048908.85,64716,1124330
19-03-2013,2875,2886.2,2841.1,2856,4285750116.25,77445,1497018
18-03-2013,2866.25,2890,2851,2860.75,2311278641.3,35343,805853
15-03-2013,2876.35,2911.65,2868.05,2878.25,2620627488.7,45199,907599
14-03-2013,2866,2888.9,2842.9,2874.1,2989016410.2,63511,1041540
13-03-2013,2890,2890,2850.1,2863.45,3842515231.4,62917,1341267
12-03-2013,2940,2944.7,2912,2918.1,2086317934.85,56232,714257
11-03-2013,2981.8,2990,2930,2945.75,1792529676.9,50589,608270
08-03-2013,2988,2989,2957.25,2970.25,2288622370.55,39215,770362
07-03-2013,2981.25,3009.8,2980,3004.35,5141894238.55,113033,1714420
06-03-2013,2947,2976.7,2926.25,2970.1,4522099848.95,58043,1525685
05-03-2013,2924.55,2939.4,2913.25,2921.3,2621697122,58382,896493
04-03-2013,2926,2942.5,2872.15,2903.45,3669048879.6,78769,1263540
01-03-2013,2914,2961.4,2892,2913.8,3072228578,65565,1051829
28-02-2013,2915.3,2935.85,2885.4,2907,4296221218.1,72587,1476013
27-02-2013,2948,2948,2902.1,2910.55,2564475120.4,59278,878720
26-02-2013,2916,2969.4,2916,2959.8,4483460080.35,134905,1521693
25-02-2013,2870,2922,2867.6,2917.8,3798133438.2,79554,1307206
22-02-2013,2798.7,2855,2797.1,2840.55,3092428786.15,58474,1087942
21-02-2013,2801.6,2819.9,2793.15,2807.8,1952369766.75,36691,694843
20-02-2013,2825.25,2832.35,2808.5,2819.45,1954126851.5,32823,693153
19-02-2013,2780.1,2825,2767.05,2820.45,1626296587.25,29460,580418
18-02-2013,2783,2786.7,2763,2780.1,956087666.85,33389,344348
15-02-2013,2790,2808.5,2776.3,2788.6,1812538242.95,46586,649282
14-02-2013,2794.4,2828,2794.35,2812.75,2426491056.25,54690,861750
13-02-2013,2757,2797.15,2745,2789.55,2199085739.3,38695,790361
12-02-2013,2770,2774.1,2741.75,2755.25,1529129539.35,45045,555299
11-02-2013,2801.25,2814.95,2784.9,2792.05,2583290347.3,39415,924349
08-02-2013,2783.15,2816.7,2772.25,2789.45,1915961375.25,41772,685337
07-02-2013,2786,2799,2780.05,2789.5,3732425433.8,57743,1338059
06-02-2013,2775.25,2788.05,2755.85,2776,3146426281.95,45960,1137168
05-02-2013,2763.25,2782.35,2745.55,2755.9,2128777237.35,38173,770764
04-02-2013,2781,2790,2745,2767.6,2591975293.55,45767,937502
01-02-2013,2791.1,2801.9,2752,2770.95,2739211656.55,42209,987456
31-01-2013,2792,2807.1,2770,2789.5,6086140894.65,90825,2185055
30-01-2013,2804.75,2805.95,2780.55,2790.65,2375571952.35,40486,850691
29-01-2013,2806,2825,2788.55,2799,2172918400.8,55541,774648
28-01-2013,2812,2827.6,2801,2810.65,2364957344.05,42856,840376
25-01-2013,2810,2828,2791.15,2814.65,2961464717.95,58536,1055317
24-01-2013,2810,2828,2790.75,2798.2,3930489225.15,65721,1401412
23-01-2013,2781,2798,2781,2789.6,2602037420.8,45504,932339
22-01-2013,2793.6,2798.65,2777,2783.55,1780270082.5,34478,638785
21-01-2013,2763.05,2810.6,2763.05,2796.3,2058265685.9,30471,737445
18-01-2013,2805,2810,2777.45,2788.05,2542995182,57762,911324
17-01-2013,2792,2806.65,2779.2,2797.95,4115011503.3,78047,1470884
16-01-2013,2781,2788.8,2755.5,2767.45,4033128439.35,60460,1457603
15-01-2013,2806,2809.45,2774.5,2787.05,7104457961.5,110978,2547235
14-01-2013,2759.8,2836.95,2752.25,2806.5,17828225368.8,234348,6365595
11-01-2013,2521,2722,2521,2712.1,30758286444.05,447907,11606571
10-01-2013,2331,2342.65,2309.2,2322.3,3162589993.75,62125,1362627
09-01-2013,2340.2,2361.8,2323.3,2331,1799509092.25,59342,768746
08-01-2013,2365,2367.95,2323.5,2344,3763933979.25,78336,1608428
07-01-2013,2351.1,2379.9,2335.55,2374.8,2593242700.75,52530,1095203
04-01-2013,2348.4,2354.95,2332,2349.55,2478175756,55290,1056751
03-01-2013,2315,2348.85,2311,2337.9,3087004937.1,60958,1324911
02-01-2013,2316.2,2328,2303.5,2309.2,1258958157.9,45625,543743
01-01-2013,2327.6,2329.9,2305.55,2308.85,857666562.9,14479,369999
31-12-2012,2315,2324.1,2303.7,2318.7,999183466.65,22335,431478
28-12-2012,2302.1,2325.5,2288.45,2323.2,2045474031.8,45301,883032
27-12-2012,2327.8,2329,2276.65,2287.75,2327547705.2,30328,1013779
26-12-2012,2323,2330.9,2304.35,2315.25,944006531.45,22339,407945
24-12-2012,2321.1,2328.4,2313,2322.3,1255385532.6,30833,540499
21-12-2012,2299,2321.3,2286.8,2296.85,1994799874.8,39328,865502
20-12-2012,2306.1,2310,2278,2299.6,2419811133.75,70890,1055216
19-12-2012,2274,2299.9,2270.05,2296.15,2853619302.85,85622,1248987
18-12-2012,2260,2274.2,2245,2271,2345392175.25,75649,1036500
17-12-2012,2267,2291.85,2256.95,2266.25,3109190472.8,55788,1370205
14-12-2012,2273,2295.05,2266,2278.8,2423118620.55,66149,1063499
13-12-2012,2304.95,2313.65,2272.4,2283.55,2852815481.95,57377,1245889
12-12-2012,2310,2323.8,2286.25,2297.8,4428497898.35,128228,1919961
11-12-2012,2316,2336.05,2282.85,2294.05,3285862797.3,72544,1423053
10-12-2012,2320.95,2344,2299,2313.55,1983753603.4,45524,853740
07-12-2012,2321,2348.5,2311.1,2321.15,2756042006.9,63732,1185739
06-12-2012,2394,2394,2313.95,2338.3,3212571756.25,86654,1376491
05-12-2012,2429,2430,2377.5,2382.5,4183683255.45,77062,1749378
04-12-2012,2429,2447,2415,2437.45,1371807149.6,51948,563786
03-12-2012,2437,2453,2424.35,2439.15,1585380960.05,45554,650373
30-11-2012,2441.6,2476.45,2425.05,2436.85,2154468741.6,47657,881339
29-11-2012,2450,2459.25,2426.5,2445.25,3164293482.5,77217,1295637
27-11-2012,2422,2480,2421.85,2470.65,1756834409.15,35029,714663
26-11-2012,2390.75,2421,2390.75,2417.4,1138857740.2,30204,473507
23-11-2012,2382,2399,2357.05,2377.55,1033128513.5,20214,434717
22-11-2012,2348,2392,2335,2382.6,1728768862.45,39042,728414
21-11-2012,2329.7,2363.9,2321.4,2349.85,2050360512.7,32745,873726
20-11-2012,2377.15,2377.15,2312.8,2324.75,1582656987.35,48892,680038
19-11-2012,2344,2381.2,2336.65,2358.55,1188947224.2,36159,504516
16-11-2012,2291,2387,2291,2343.35,4029049247.9,88339,1711638
15-11-2012,2335.15,2337,2278.8,2296.3,2617296007.85,68215,1141631
13-11-2012,2354,2360,2333,2338.3,165021424.15,4698,70407
12-11-2012,2355,2369,2333.55,2358.95,1088350435,33009,462024
09-11-2012,2365,2365,2345,2348.7,1744561944.7,36783,742365
08-11-2012,2372,2384.55,2365,2375.3,1550804166.55,37332,653645
07-11-2012,2382,2414,2375.05,2404.4,1409651144.3,32911,586908
06-11-2012,2384,2406.5,2371.25,2381.65,2035149332.65,40713,851971
05-11-2012,2383.1,2390.6,2367.5,2378.45,1472463934.95,27217,619900
02-11-2012,2371,2404.6,2369.1,2388.1,2106259277.3,43993,881152
01-11-2012,2362,2370,2341.1,2364.65,2066283208.15,39682,876372
31-10-2012,2350,2374.5,2345.55,2363,1924666096.1,24460,814665
30-10-2012,2326,2365,2326,2358.35,1686765683.05,25735,716032
29-10-2012,2321,2339,2307.3,2335.5,1375966725.45,33256,592083
26-10-2012,2334.7,2344.8,2321.05,2329.6,997536060.45,25330,427536
25-10-2012,2343,2357.1,2330.15,2344.75,3297182467.45,70207,1407097
23-10-2012,2362,2384,2350,2353.1,1399663476.3,37012,592893
22-10-2012,2368.25,2398,2368.25,2385.55,1363892447.25,29880,570858
19-10-2012,2366,2397,2366,2383.35,3255285124.3,82129,1367150
18-10-2012,2364,2397,2345.1,2377.6,3021376585,65612,1274072
17-10-2012,2376.05,2379,2357.25,2370.15,1687917992.55,41618,713415
16-10-2012,2379.9,2389,2347,2355.7,2158247580.7,43346,910256
15-10-2012,2385.7,2412,2352.8,2365.6,4401576790.8,103396,1848765
12-10-2012,2350,2447.85,2311,2395.35,16868854321.6,322668,7087722
11-10-2012,2496,2580.05,2481.2,2533.2,4728720699.95,88438,1870800
10-10-2012,2507.1,2528.15,2489.6,2504.15,1860550452.85,39546,741513
09-10-2012,2505,2550,2484,2536.25,2854318566.05,59574,1135540
08-10-2012,2524.8,2542.9,2460,2488.2,2525079268.6,80255,1009680
05-10-2012,2585,2585,2060.55,2526.85,3657518731.85,53549,1454000
04-10-2012,2575.1,2594.9,2557.05,2575.65,2304025238.7,37469,895535
03-10-2012,2605.25,2619.15,2560.5,2578.25,2529788113.45,53428,977953
01-10-2012,2551.3,2620.2,2549,2609.65,2860243007.65,48341,1103286
28-09-2012,2561,2579.9,2526.2,2534.95,3090021914.05,57823,1210653
27-09-2012,2592.5,2593,2534.75,2549.35,4413804840.8,58691,1727860
26-09-2012,2578,2600,2567.15,2589.3,2739602701.75,35516,1061238
25-09-2012,2590,2611,2588.05,2598.05,2875656128.1,37440,1106219
24-09-2012,2600,2609.9,2575.15,2600.15,2870109315.7,46837,1106754
21-09-2012,2615.35,2650,2583.6,2593.3,4015524773.9,55321,1536734
20-09-2012,2556.6,2645,2556.6,2617.2,3792836329.85,85023,1453142
18-09-2012,2580,2619,2578,2600.8,2341327110.15,39844,898025
17-09-2012,2649,2649,2547,2564.5,3167831401.1,62154,1232409
14-09-2012,2588,2644.7,2586.1,2632.1,3470534939.4,69925,1328481
13-09-2012,2538.8,2566.9,2518,2555.05,1665370543.3,36863,656213
12-09-2012,2531,2549.95,2521.15,2539.7,1612310223.7,33362,635416
11-09-2012,2500,2535.95,2474.6,2529.5,1710537880.5,34919,680238
10-09-2012,2496,2527,2478.75,2512.35,2295668708.8,55542,917165
08-09-2012,2477.2,2499.9,2477.2,2496,196993019.45,3574,79079
07-09-2012,2455,2494,2451.1,2487.25,1877513519.6,47550,759462
06-09-2012,2350.5,2427.9,2350.5,2422,2297794686,49910,952923
05-09-2012,2347,2357,2332.2,2339.45,1176187427.2,25278,501653
04-09-2012,2360.35,2372,2344.1,2360.8,687568873.65,15340,291666
03-09-2012,2366,2398.9,2358,2365.1,1284725911.05,19218,540189
31-08-2012,2386,2386,2354.75,2361.65,1720623844.95,26308,726383
30-08-2012,2383.85,2406.15,2370.05,2392.7,3339723497.5,38971,1396924
29-08-2012,2422,2422,2382.45,2388.3,1681751966.75,43679,702052
28-08-2012,2397,2451.45,2397,2421.15,1724719338.05,36387,708257
27-08-2012,2430.2,2446.5,2405.6,2411.9,2387712833.05,31924,986420
24-08-2012,2448,2458.35,2434,2444.8,2055548188.5,37546,840564
23-08-2012,2435,2483,2424.25,2477.2,4537917409.3,91767,1840357
22-08-2012,2402.9,2440,2394.15,2433.6,1559153107.2,60172,643646
21-08-2012,2365,2439,2365,2409,3680076805.5,69684,1525767
17-08-2012,2324,2355,2316.3,2351.05,2490330115.4,48619,1061660
16-08-2012,2328.15,2328.15,2301.05,2315.45,1079368708.05,39511,466203
14-08-2012,2313.3,2335,2289.35,2329.35,1173318549.45,30439,505602
13-08-2012,2301.3,2331,2300.1,2320.1,1163539195.5,28796,501741
10-08-2012,2278,2321,2264,2313.05,1616855160.85,49626,704461
09-08-2012,2290.25,2311.5,2275,2282.05,1987724698.8,51878,866387
08-08-2012,2262,2295,2260,2283.6,2293491477.25,64332,1004888
07-08-2012,2232,2269.4,2222.1,2253.3,1538751503.05,39201,683168
06-08-2012,2222.2,2234.9,2207.4,2216.8,902130702.3,28429,406348
03-08-2012,2196.25,2217.35,2185.1,2208.5,851182154.95,33637,386949
02-08-2012,2218,2226.8,2195,2205.75,668027113.05,18729,302504
01-08-2012,2215,2230.4,2200.75,2218.55,843460108.85,25175,380998
31-07-2012,2215,2236,2185,2226.95,1916391880.25,49250,864305
30-07-2012,2160,2215,2157.55,2209.7,1966427774.25,70851,895865
27-07-2012,2162,2164,2109.3,2148.65,2640009118.3,88249,1232811
26-07-2012,2167,2167,2101.25,2123.8,3193856833,55103,1496917
25-07-2012,2174,2180,2150,2168.55,1903045110.1,49103,879568
24-07-2012,2190.5,2212,2165.1,2168.65,1947478297.95,41392,894189
23-07-2012,2200,2209.9,2182.6,2189.1,1066826831.75,30809,486350
20-07-2012,2244.9,2244.9,2205.3,2218.75,1430064859.65,35322,644229
19-07-2012,2200,2250,2193.25,2245.2,3044124192.95,80761,1364049
18-07-2012,2171.25,2188.9,2163,2178.9,2144812284.6,53202,984158
17-07-2012,2184.9,2198,2162.3,2171.25,3674868096.4,89865,1687891
16-07-2012,2230,2241.4,2163.25,2171.3,5047987618.35,119422,2305137
13-07-2012,2218,2258.8,2218,2229.8,7496469181.55,127857,3344563
12-07-2012,2250,2280,2219,2264.4,15270400536.7,288326,6783983
11-07-2012,2450,2502.4,2445,2471,5246324266.4,91670,2118235
10-07-2012,2444,2463.3,2441.35,2459.4,2163696296.75,57267,881840
09-07-2012,2421.1,2468.9,2402,2437.95,2232992810.05,59189,914335
06-07-2012,2476,2485,2440,2444.65,1495833671.65,35321,610930
05-07-2012,2480.25,2488,2462.5,2480.25,1787696232.3,36534,722558
04-07-2012,2500,2504.85,2469,2479.4,1982130280.7,43887,798852
03-07-2012,2516.25,2516.25,2476.6,2490.55,1999872686.5,34991,803601
02-07-2012,2503,2518.8,2490.7,2499.4,1617107714.95,34229,646902
29-06-2012,2494,2519,2476.2,2509.2,2934461620.3,56460,1170621
28-06-2012,2465,2497,2448.35,2473.3,2361580413.15,38880,951622
27-06-2012,2452,2475,2448.45,2468.1,2674752402.15,34582,1084673
26-06-2012,2453.1,2459.9,2429.55,2440.4,3152888175.2,57025,1291270
25-06-2012,2474.9,2488,2458.25,2468.15,2454607139.15,45911,993681
22-06-2012,2449.75,2484.5,2426.45,2474.45,1979533909.25,32386,801791
21-06-2012,2456,2503,2440.15,2491.3,2014380598.15,44523,817077
20-06-2012,2480,2485,2452.95,2470.1,2017461781.5,44042,816997
19-06-2012,2500,2505,2457.9,2477,1987802621.1,76373,801760
18-06-2012,2535,2544.35,2496.5,2511.7,2240362097.25,36360,889629
15-06-2012,2510.05,2532,2502.75,2522.55,1989036268.85,31146,788939
14-06-2012,2461,2510,2461,2498.3,2460992084.8,43613,985417
13-06-2012,2451.25,2489.7,2442,2470.1,1901767712.3,33529,769723
12-06-2012,2402.2,2470,2402.2,2458.05,1265875053,24020,516835
11-06-2012,2427,2452.75,2414.9,2425.65,1082853676.95,26217,444223
08-06-2012,2488.9,2488.9,2392.8,2419.25,1680111108.4,42106,695603
07-06-2012,2448,2464.85,2436.15,2452.95,2038553346,52569,830886
06-06-2012,2397.2,2433.35,2396.4,2415.5,2653184545.15,45313,1097148
05-06-2012,2385,2411.9,2374.7,2388.85,1791427259.1,26790,749090
04-06-2012,2374,2396.35,2345,2385.6,1427516744.5,31448,601511
01-06-2012,2415,2431.5,2383,2389.2,1961967787.6,31315,817880
31-05-2012,2408,2552,2391.1,2429.35,6532131220.85,81690,2703294
30-05-2012,2407,2458.8,2392.7,2432.3,2446470186.15,61639,1006436
29-05-2012,2391,2425,2378,2409.5,1549140999.05,46935,643095
28-05-2012,2394,2398,2362.6,2385.8,1405113333.55,28472,590723
25-05-2012,2363,2385,2351.05,2372.85,1278638631.2,37333,539216
24-05-2012,2349,2388.9,2313,2380.8,2243203690.35,55975,951506
23-05-2012,2355,2364.8,2307.2,2348.2,1576435850.9,51770,675254
22-05-2012,2355,2368.05,2323.65,2341.1,1708388208.55,35705,727901
21-05-2012,2384.9,2385.5,2324,2340.45,1405808451.7,43861,597095
18-05-2012,2325.35,2405,2302.15,2382.85,1738261969.8,42311,742270
17-05-2012,2368.45,2377.45,2346.4,2370.55,1716854908.05,36371,725927
16-05-2012,2378,2385,2354,2368.45,2541959516.65,52530,1073661
15-05-2012,2305,2429,2305,2415.2,3060700218.2,65302,1283394
14-05-2012,2320.2,2345.5,2304.1,2338.95,2302897787.9,34686,989802
11-05-2012,2344,2360,2292.05,2311.3,2570537267.95,53164,1112664
10-05-2012,2368,2384.85,2322.3,2344.2,2663245870,51073,1135503
09-05-2012,2368,2394.8,2352.6,2366.25,3120985291.1,68823,1312268
08-05-2012,2395,2407.75,2329.15,2393.9,3426727891.25,74058,1440830
07-05-2012,2409,2448.8,2367.9,2437.6,3225334557.1,59886,1338750
04-05-2012,2482,2498,2423.4,2441.95,3316188544.75,61488,1350111
03-05-2012,2460,2497.25,2460,2482.9,3540789934.55,59665,1425091
02-05-2012,2465,2488,2461.75,2472,3132505992.65,56147,1265586
30-04-2012,2392,2468,2390.35,2462.1,3326924227.1,85696,1358701
28-04-2012,2397.75,2404.3,2387.1,2395.8,148161395.35,3580,61869
27-04-2012,2357,2398,2355,2391,4165813073.3,69169,1757808
26-04-2012,2350,2378.8,2342.35,2356.2,5061741343.1,73728,2142133
25-04-2012,2349.7,2365,2303.25,2349.95,7221876719.95,114643,3079813
24-04-2012,2310.65,2364.8,2198.3,2349.55,15243271323.5,275575,6629739
23-04-2012,2390,2390,2305,2310.9,5299338542,122749,2267087
20-04-2012,2394.75,2428.4,2362.5,2407.4,3467722989.3,62813,1438440
19-04-2012,2379.9,2414.95,2368,2405.4,5126725731.4,101686,2139189
18-04-2012,2400,2402.55,2355,2371.25,5677524958.9,126704,2395666
17-04-2012,2399,2399,2336.1,2380.7,7015374141.7,124991,2960886
16-04-2012,2400,2426.55,2333.05,2364.55,9924142064.7,194716,4186435
13-04-2012,2518,2522.7,2389.1,2402.55,23155833920.85,419015,9406946
12-04-2012,2822.75,2831.85,2738.45,2750.65,4089759812.3,84298,1475701
11-04-2012,2768.95,2825,2743.2,2804.4,2852248182.15,65468,1022455
10-04-2012,2842,2847.65,2737,2771.4,2517687082.45,53030,905382
09-04-2012,2837.5,2859.35,2812.4,2822.75,2311363516.55,33119,817696
04-04-2012,2849,2874.95,2844,2851.1,1875518665.35,36221,656768
03-04-2012,2866.3,2877.65,2842.55,2858.45,1944519182.35,36248,681448
02-04-2012,2864,2888.75,2841,2850.2,1731271724,38060,606448
30-03-2012,2809.9,2873,2803,2866.3,2834455398.1,49567,995450
29-03-2012,2820.5,2838.35,2767.8,2792,4888209608.5,63840,1750026
28-03-2012,2866,2874.7,2824,2843.1,2107719615.9,35457,739990
27-03-2012,2860,2903.75,2832.3,2875.9,2723233025.7,48409,948844
26-03-2012,2869,2869,2821.1,2830.75,1745781752.5,37058,615333
23-03-2012,2833,2882.75,2830.4,2872.7,1966369125.95,29019,687217
22-03-2012,2874,2874.55,2814.3,2828.3,2012634520.6,33439,708080
21-03-2012,2832.45,2890,2821,2867.3,2233889213.15,41612,781333
20-03-2012,2826,2853.2,2803,2831.35,3259816966.45,38170,1153173
19-03-2012,2895,2900,2811.3,2837.5,2155310130.3,35769,757691
16-03-2012,2905,2913,2847.15,2864.95,3253611061.2,52317,1128876
15-03-2012,2895,2905.15,2870.5,2881.9,2254673247.95,48025,781420
14-03-2012,2890,2915,2853.95,2878.85,3820315931,60135,1325261
13-03-2012,2843.95,2869.85,2842,2859.8,2753975823.8,40459,963803
12-03-2012,2915,2915,2781,2817.4,2571497024.35,63068,911809
09-03-2012,2894,2903,2848,2855.3,2388701935.15,40571,830601
07-03-2012,2842,2895,2835.1,2883.85,2843007195.55,61494,988571
06-03-2012,2805.1,2880,2801.1,2852.45,3687631095.85,67381,1293711
05-03-2012,2858.1,2863.85,2796.7,2809.85,2036800556.7,35353,722557
03-03-2012,2846.85,2869.35,2846.85,2858.1,62022515.85,1350,21694
02-03-2012,2865,2865,2813.1,2845.7,2153324163.8,39637,759707
01-03-2012,2851.55,2875,2805,2856.65,3483019808.2,67718,1225829
29-02-2012,2894,2908.1,2864.2,2883.45,3198758320.4,64646,1108551
28-02-2012,2886,2910,2854.95,2872.4,2855538289.65,43956,993775
27-02-2012,2965,2965,2872,2883.35,2515322620,46039,863821
24-02-2012,2932,2974,2923.5,2948.05,3146926234,43868,1067055
23-02-2012,2939,2982.6,2916.2,2933.15,3865800413.15,71717,1309370
22-02-2012,2905.2,2994,2905.2,2952.25,3856099149.7,60264,1301640
21-02-2012,2930,2959.9,2911.25,2938.25,2223832687.85,47060,756153
17-02-2012,2916.25,2978,2900.15,2947.8,4214485258.7,82093,1432160
16-02-2012,2864,2917.7,2860.55,2908.95,2981024522.6,52354,1032069
15-02-2012,2815,2875,2815,2864.1,2557248944.95,41516,897291
14-02-2012,2776,2809.9,2764,2801.05,1910037241.7,45331,684721
13-02-2012,2775.25,2800.5,2757.1,2788.4,1991968590.6,34745,716751
10-02-2012,2799,2802,2751.15,2790.4,1798574509.4,42377,647202
09-02-2012,2749,2822.1,2731.85,2809.9,3529062765,69219,1269605
08-02-2012,2748,2782,2741.35,2769.15,2304593199.85,53189,833937
07-02-2012,2805,2805,2713.65,2727.5,2490187080.2,60462,902705
06-02-2012,2805.1,2807.9,2752.1,2777.1,2761535509.85,60633,992210
03-02-2012,2740.05,2792,2740.05,2783.25,4042605578.7,64571,1454650
02-02-2012,2740.1,2783,2730,2757,3978199590.15,63940,1442282
01-02-2012,2739.7,2748,2695.65,2742.7,2132297642.05,62319,783667
31-01-2012,2712,2754.65,2706,2746,2966403096.15,50686,1082362
30-01-2012,2698.9,2725.2,2690,2712.3,3239300585.9,69911,1198557
27-01-2012,2702,2735,2686.2,2725,4145278518.5,96787,1527359
25-01-2012,2635,2675,2625,2665.8,3501169356.9,80721,1318170
24-01-2012,2618,2639.6,2595,2620.8,1850445512.55,47078,706651
23-01-2012,2590,2615.5,2589,2600.3,1679928222.85,33559,645108
20-01-2012,2596,2609.7,2576.3,2588.8,3767771752.8,108659,1454464
19-01-2012,2616,2622.8,2576.6,2594.7,3128953764.85,90036,1206542
18-01-2012,2644,2644,2585,2612.05,3163344366.35,73068,1212553
17-01-2012,2650,2672.8,2633.85,2662.05,2905017268.6,71946,1092553
16-01-2012,2581.25,2644,2579.1,2640.15,4330087014.9,120634,1648592
13-01-2012,2618,2619,2552.25,2584.2,6741646882.15,149076,2612368
12-01-2012,2750,2750,2578.05,2588.25,16083711028.95,280058,6121325
11-01-2012,2868,2894.9,2813,2826.6,4909735852.1,90102,1724475
10-01-2012,2870,2875.4,2850.2,2863.6,3998509233.35,55820,1397397
09-01-2012,2847.5,2866.3,2817.2,2836.55,2935462618.4,42650,1033223
07-01-2012,2838.9,2851.5,2828.05,2835.2,271186672.55,3720,95521
06-01-2012,2838,2867.6,2811.1,2832.15,2511910497.6,42072,885954
05-01-2012,2839.2,2876,2831.45,2840.15,2541818338.9,50037,890659
04-01-2012,2845,2875,2841.05,2854.4,2620627304.85,46897,917678
03-01-2012,2824.1,2886.95,2820,2864.3,3186065749.25,68763,1112876
02-01-2012,2759.2,2816.65,2742,2808.95,2025803831.9,40168,728272
30-12-2011,2744,2775,2741.5,2767.65,1832477672.35,36893,663602
29-12-2011,2758,2774.9,2731.05,2742.1,3041710431.45,50973,1104646
28-12-2011,2769,2804,2751.55,2782,2378836982.3,38816,856406
27-12-2011,2765,2799,2736.25,2759.4,2138546132.8,51207,772275
26-12-2011,2691,2787,2691,2775.85,1456458500.45,29873,529571
23-12-2011,2740,2740,2683.25,2694.75,2379750046.5,42876,880662
22-12-2011,2650,2748,2650,2720.85,4276705580.6,82121,1588392
21-12-2011,2719,2754.8,2680,2743,2857377934.3,53794,1052865
20-12-2011,2690,2698.15,2651.1,2668.75,3507506483,57672,1310576
19-12-2011,2690,2703.55,2655.8,2676.4,4039288768.55,54937,1508054
16-12-2011,2695,2788.8,2691.95,2724.5,4668492865.2,67973,1708661
15-12-2011,2726.3,2734.35,2665,2716.35,3398477403.65,51087,1256646
14-12-2011,2750,2767.25,2725,2740.25,3384875150.05,61059,1232204
13-12-2011,2731.3,2764.9,2708.7,2752.2,3311023313.95,61010,1206042
12-12-2011,2719.9,2756,2697.8,2740.25,3759622423,54707,1378225
09-12-2011,2668.15,2739.8,2660.2,2710.3,3569579846.55,53088,1321344
08-12-2011,2747,2758,2696.1,2723.45,2485074757,43574,911948
07-12-2011,2705,2772.4,2684.05,2758.95,2774351421.75,54669,1008799
05-12-2011,2690,2717.75,2675.2,2701.15,2516949295.85,60914,933523
02-12-2011,2651,2715.45,2647.9,2694.15,3172155159.65,57086,1181426
01-12-2011,2674,2690.85,2630.6,2655.35,2703734151.4,38896,1015651
30-11-2011,2581,2625,2561,2606.85,3782615661.7,57314,1455029
29-11-2011,2622.2,2628.05,2581.25,2597.95,3464575206.3,69012,1332421
28-11-2011,2620.05,2649.9,2612.45,2636.15,2395339795.95,47525,911276
25-11-2011,2655,2655,2591,2599.7,2621095035.3,50039,1002816
24-11-2011,2641,2684,2586.6,2666.2,4346467577.25,60836,1653972
23-11-2011,2675,2689.55,2617.35,2652.65,4248832157.8,82643,1599102
22-11-2011,2600,2764.9,2600,2724,5041199872.95,80521,1857439
21-11-2011,2720,2734.85,2626.3,2670.1,3159468421,51377,1170724
18-11-2011,2731.05,2764.45,2720,2740.8,1623597615.75,33885,592237
17-11-2011,2768.3,2789,2732.9,2753.5,2194144811.2,34006,795873
16-11-2011,2795,2804,2758.3,2778.3,2284219458.3,41627,819081
15-11-2011,2800.1,2820,2781.55,2798.3,1786256247.9,31357,637253
14-11-2011,2810.15,2832.4,2798,2808.8,1629466319.45,25433,579130
11-11-2011,2610.7,2807.7,2610.7,2775.7,3283630327.95,57344,1180153
09-11-2011,2845,2867.25,2825,2835.3,2374332063.35,49637,834956
08-11-2011,2815.05,2848,2790.85,2842.1,2154465269.8,36217,763417
04-11-2011,2845,2850.9,2791.55,2825.95,2698731374.15,47913,955461
03-11-2011,2834,2842,2767.2,2802.1,3766647496.9,52906,1347453
02-11-2011,2820,2853.9,2817.4,2834.4,1887799713.85,50309,664732
01-11-2011,2840,2874.1,2818,2836.6,2809981047.9,54155,988274
31-10-2011,2856,2897.75,2856,2877.55,3708277210.7,47051,1286453
28-10-2011,2921,2971.35,2845.05,2858.65,8963504413.75,192945,3108598
26-10-2011,2861.9,2869.95,2831.4,2838.65,649512868.8,9743,228612
25-10-2011,2811,2899,2811,2858.7,5571073222.2,79332,1959698
24-10-2011,2750,2774.8,2741.2,2767.3,2101081865.3,51919,759449
21-10-2011,2747.55,2749,2707,2722.65,2336594319.95,50386,857289
20-10-2011,2692,2757,2687.55,2747.55,1890022544.8,36527,696710
19-10-2011,2722,2735,2701.1,2727.75,3446140306.9,76073,1266915
18-10-2011,2699.9,2725,2687.7,2701.55,3556914755.75,53910,1314767
17-10-2011,2761.1,2764.9,2720.2,2746.55,4837092096.45,63406,1768187
14-10-2011,2711.1,2756.7,2686.3,2743.75,6659909856.95,113753,2450124
13-10-2011,2719,2729,2685,2696.7,6096131923.7,88039,2255192
12-10-2011,2595,2688,2595,2679.35,11472283510.75,190336,4329213
11-10-2011,2593.4,2595,2490,2504.55,7049933861.95,124891,2792406
10-10-2011,2545,2600.9,2528.4,2589.95,5434269072.8,92030,2118304
07-10-2011,2560,2574.9,2487.65,2508.7,5857214196.2,88757,2307216
05-10-2011,2457.95,2499,2428.1,2446.95,3314242390.9,48861,1346482
04-10-2011,2452.2,2481.75,2413.6,2438.5,2396093550.85,47174,979810
03-10-2011,2490,2518,2467.7,2475.9,3075302597.05,52749,1235641
30-09-2011,2531.9,2564,2508.2,2533.05,3401808726.4,83700,1341332
29-09-2011,2482,2569.95,2471.25,2551.1,7347678913.3,129049,2907043
28-09-2011,2480,2540,2452.5,2470.25,6251516099.7,88424,2507720
27-09-2011,2377.2,2468.65,2377.2,2444.15,3137434708.8,59948,1292628
26-09-2011,2345,2365,2301.1,2355,1910826089.75,37711,818036
23-09-2011,2328,2389.8,2321,2338.8,3072496050.35,59231,1306054
22-09-2011,2384,2411.8,2336.65,2352.6,2691267745.55,45764,1129732
21-09-2011,2440,2454.9,2420,2435.65,2254693052.2,47013,925310
20-09-2011,2377,2440,2375.15,2436.55,2728234231.5,43141,1126113
19-09-2011,2399,2411.6,2356.1,2362.65,1947667004.2,32272,819804
16-09-2011,2457.9,2457.9,2373.6,2395.15,3391365603.35,60363,1413013
15-09-2011,2378,2428.5,2330,2409.9,4067005129.55,84918,1712932
14-09-2011,2251,2366.9,2249,2351.65,4977673918.35,106022,2154610
13-09-2011,2223.1,2259.7,2195.75,2222.05,2892601366.95,49277,1295652
12-09-2011,2208,2217.35,2180.65,2198.45,2252261767.65,44329,1024783
09-09-2011,2328.1,2328.1,2261,2274.3,3544058268.15,52618,1549013
08-09-2011,2300,2354,2299,2338.45,3222464571.8,54213,1378484
07-09-2011,2297.9,2314.3,2267.65,2291.45,3769050046.65,52206,1644679
06-09-2011,2253.9,2320,2222.25,2302.55,3057395604.95,58891,1352087
05-09-2011,2293.7,2293.7,2240.2,2265.1,3075534555.55,45183,1362818
02-09-2011,2385,2385,2275.3,2319.2,4330415037.15,78854,1870113
30-08-2011,2331,2360,2280,2342.95,3536696496.1,61368,1517865
29-08-2011,2239,2312.25,2232,2296.25,3210809450.55,59265,1402816
26-08-2011,2186.5,2252.9,2182.65,2202.55,5834295429.7,89675,2627745
25-08-2011,2250.2,2265.1,2161.5,2183.4,7368166870.55,69966,3356719
24-08-2011,2280,2284.95,2230,2250.9,2421530186.35,51325,1075768
23-08-2011,2201.25,2302.65,2194,2276.95,4823516417.9,114119,2142930
22-08-2011,2213.9,2245.1,2175,2194.6,4341687819.2,66066,1963509
19-08-2011,2274,2274,2171.6,2224.7,7974712910.15,118617,3612400
18-08-2011,2465,2468.1,2343,2354.1,3170740174.85,64506,1334333
17-08-2011,2396,2465.5,2396,2448.95,2598315460.2,54230,1066416
16-08-2011,2430,2438.25,2372.3,2399.3,3042398652.15,56845,1268338
12-08-2011,2488,2488,2342.35,2375.2,4205870031.4,71312,1762260
11-08-2011,2432,2469,2414.95,2440.6,2504194980.05,48334,1025779
10-08-2011,2448,2476.4,2411.1,2447.1,4267894188.75,73992,1744495
09-08-2011,2351,2439.95,2350.2,2374.55,5027836391.7,100014,2106218
08-08-2011,2500,2500,2431,2470.5,4988238841.4,113380,2021280
05-08-2011,2643.6,2643.6,2525,2591.2,5094113237.1,95564,1969759
04-08-2011,2740,2759.95,2704,2709.15,2234599895.75,33757,816236
03-08-2011,2735,2739.7,2708.5,2732.6,1923305128.7,41913,705761
02-08-2011,2798.55,2798.55,2745,2750.95,1703336361.45,30532,616566
01-08-2011,2780.1,2823.8,2780.1,2815.1,2142165734.5,30694,761869
29-07-2011,2741,2782.45,2725.4,2775.9,3373433129.75,35634,1219699
28-07-2011,2765,2773.9,2734.5,2751.1,3257377350.95,44127,1185172
27-07-2011,2801,2835.9,2791.2,2796.65,2983630087.75,53978,1063305
26-07-2011,2809,2824,2787.5,2801.8,2399752847.9,47883,856092
25-07-2011,2818,2825.05,2791.1,2807.75,2597171267.45,43621,925532
22-07-2011,2784.3,2844,2770,2828.25,2732423644.75,58466,968703
21-07-2011,2745.2,2784.5,2736.8,2768.1,2038782014.1,39289,737136
20-07-2011,2772.8,2772.8,2745,2752.45,2141877865.5,32738,777839
19-07-2011,2721,2762,2716.65,2750.5,2852627971.25,61817,1040553
18-07-2011,2735,2743.25,2707.35,2713.4,3196869135.5,75638,1176082
15-07-2011,2744,2762.95,2720,2731.35,2184706123.6,55044,799078
14-07-2011,2760.25,2764,2731,2740.35,3733324187.15,62191,1361403
13-07-2011,2766,2807.35,2761.05,2777.3,4633541979.85,90194,1667271
12-07-2011,2850,2850,2746.8,2791.55,10288243312.9,175094,3706582
11-07-2011,2953.9,2976.1,2888.55,2921.15,3357121889.25,55817,1150815
08-07-2011,3000,3023.9,2967.25,2976.55,2124589696.75,40336,708724
07-07-2011,2955.2,3000,2943,2995.7,2138882305.35,35697,718934
06-07-2011,2947,2972.45,2937.1,2953.7,1270130012.65,34206,430028
05-07-2011,2957,2969.9,2926,2956.45,2370122227.25,45314,802966
04-07-2011,2966.65,2977,2935,2938.95,1516229154.65,37057,514324
01-07-2011,2935,2969.95,2924.1,2934.15,2354984926.8,37163,800308
30-06-2011,2886.05,2919,2881.5,2910.45,4116331796.9,49762,1417730
29-06-2011,2868,2907,2868,2881.75,1732005042.3,30917,600094
28-06-2011,2870.05,2876.85,2843.8,2865.3,1604207349.35,42057,560849
27-06-2011,2831.65,2923,2820.25,2871.05,3861867530.5,64263,1340537
24-06-2011,2791,2877.7,2791,2859.95,3973363763,78180,1402411
23-06-2011,2750,2789.1,2735.5,2779.1,1440125929.85,41427,519846
22-06-2011,2753,2781.7,2742.1,2755.05,1939922239,45830,703125
21-06-2011,2723,2755,2693.3,2727.15,2570036195.85,40647,942852
20-06-2011,2768.3,2779.75,2652.5,2709.55,4222274508.35,69526,1557269
17-06-2011,2800.1,2803.35,2731.3,2769.65,2933890699.45,61509,1065646
16-06-2011,2829,2829,2795.05,2800.3,2678279673.25,34693,953620
15-06-2011,2861.75,2861.75,2826.9,2835.6,2600264248.15,53710,916985
14-06-2011,2877.8,2883.5,2864.75,2872.3,2827757558.65,43283,983763
13-06-2011,2848.5,2882.2,2819.7,2877.6,2764106300.25,77617,966648
10-06-2011,2868.5,2880.8,2851.2,2862.35,2572972560.95,65417,898408
09-06-2011,2881.5,2881.5,2854.55,2861.5,1511698581.15,37368,527702
08-06-2011,2889,2892.2,2867.25,2871.7,2138728893.45,25620,743246
07-06-2011,2830.05,2904,2830.05,2892.55,2870973205.1,50165,997333
06-06-2011,2822,2845.95,2795.15,2837.9,1329887954.35,19078,471158
03-06-2011,2811,2842.8,2810.9,2816.2,2222950154.75,38309,786673
02-06-2011,2780,2820,2777,2803.05,2491709165.75,42236,889661
01-06-2011,2794,2824,2784,2811.55,2842038744.5,43496,1013233
31-05-2011,2793,2818,2776.55,2785.65,7122441199.3,66024,2551326
30-05-2011,2806.1,2806.1,2761,2780.6,2383242782.5,44361,858419
27-05-2011,2760,2807,2760,2787.5,2183503562.95,43409,783118
26-05-2011,2794,2797.75,2758,2776.55,2940801053.5,50510,1059522
25-05-2011,2827.7,2827.7,2756.6,2788.65,3856971964.7,55122,1384427
24-05-2011,2833,2863.85,2833,2844.5,2716287322.05,32801,953183
23-05-2011,2847.85,2852.8,2827.85,2837.05,2404444974.65,36282,847360
20-05-2011,2845,2863.7,2832.15,2849.85,2854155972.8,36297,1002959
19-05-2011,2859.7,2859.7,2835.6,2846.45,2654843041.6,29530,931995
18-05-2011,2850,2882.35,2803,2842.5,3626128533.25,60469,1272062
17-05-2011,2848.4,2877.3,2823.95,2844.15,2700576126.55,45931,946309
16-05-2011,2876,2876,2842.35,2850.4,2307894807.95,34657,808671
13-05-2011,2883.2,2912,2871.25,2878.35,2993377845.2,38889,1035292
12-05-2011,2897.9,2909,2872,2881.25,1804723325.4,27315,624560
11-05-2011,2882,2924,2879.95,2906.05,2330497031.3,44562,801259
10-05-2011,2907.7,2924.9,2872,2880.05,1765511959.7,36541,609171
09-05-2011,2910,2917,2867.5,2908.55,1786998107.1,39206,617275
06-05-2011,2857.9,2910,2848,2893,4288323647.75,56131,1491333
05-05-2011,2867.3,2878.9,2837,2848.5,4523728683.95,68151,1582654
04-05-2011,2901,2905,2842.75,2869.75,6067966189.85,105060,2115550
03-05-2011,2920,2957.15,2899.95,2911.05,4861008937.8,77741,1654255
02-05-2011,2919.05,2944,2910,2922.55,4923644861.35,64914,1683523
29-04-2011,2910,2929,2887.95,2906.25,5910274912.15,72324,2031792
28-04-2011,2949,2958,2921,2929.15,8592258164.1,77221,2927413
27-04-2011,2945,2964.65,2942.5,2953.15,3686083475.55,49709,1247666
26-04-2011,2935,2954.95,2920,2942.35,6695373647.9,81231,2278860
25-04-2011,2915,2963.95,2907.4,2941.3,5715989983.25,85949,1940905
21-04-2011,2918.7,2940.5,2901.1,2910,8742240282.5,112705,2994212
20-04-2011,2919,2927.9,2891,2907.3,6528142040.2,118385,2243732
19-04-2011,2906,2927,2881,2887.35,6971602483.1,120789,2401329
18-04-2011,2919,2967,2880,2906.1,15035838525.25,225363,5135839
15-04-2011,3296.15,3298.6,2977.5,2989.5,30971783717.6,485196,10127467
13-04-2011,3211,3317.1,3196,3306.2,4527189774.35,60454,1383613
11-04-2011,3195.3,3261.8,3181,3241.6,3239228962.25,44489,1000008
08-04-2011,3242,3264.65,3207.45,3227.3,1950643953.3,27253,604116
07-04-2011,3261.9,3261.9,3237.7,3245.9,1543471376.3,31002,475036
06-04-2011,3279,3299,3252.05,3275.15,2772759670.55,33543,845865
05-04-2011,3276.95,3293,3231.1,3283.25,1753566908.15,22469,537817
04-04-2011,3225,3296,3221,3283.15,3018851270.35,38766,921999
01-04-2011,3235.1,3256.25,3208,3218.15,2252947918.05,34082,698536
31-03-2011,3182,3265,3163.9,3241.3,7609520598.9,84229,2354991
30-03-2011,3172,3203.5,3156.65,3170.9,2232698725.8,40884,701016
29-03-2011,3132,3188.7,3128.95,3173.35,3901164328.65,53599,1232574
28-03-2011,3139,3157.55,3109.75,3139.55,4720968171.25,62842,1507079
25-03-2011,3044,3185,3040.05,3163.05,4952705167.4,76652,1582849
24-03-2011,2992.95,3012.2,2978.75,3002.8,3071775224,48701,1023654
23-03-2011,2934.75,2998.8,2927,2993.35,2706235146.4,53655,908340
22-03-2011,2935.15,2956.75,2924,2943.05,1883601849.1,29355,639968
21-03-2011,2951.4,2957,2904.35,2922.3,2412267126.8,40468,825887
18-03-2011,2980.15,2994.8,2932.6,2941.1,2752146793.85,39300,933500
17-03-2011,2984.1,2999,2971,2978.7,3105846650.9,45610,1040172
16-03-2011,3025,3061.45,3020.05,3030.9,2129043225.2,30119,699340
15-03-2011,3032,3058.9,3006,3030.15,3427598668.7,45318,1129728
14-03-2011,3035,3108,3030.65,3100.8,1369676754.7,29177,444744
11-03-2011,3068,3079,3045,3053.9,2782068519.1,42723,909784
10-03-2011,3095,3100,3062.5,3090.25,1323701276.85,28417,429775
09-03-2011,3120,3132.8,3071,3095.5,2581938372.45,43287,834555
08-03-2011,3030.25,3132,3020.2,3116.3,3294130791.75,60338,1064314
07-03-2011,3036,3075,3025.5,3042.7,2804394396.25,37520,919716
04-03-2011,3067,3090,3048,3062.2,3744346280.3,54232,1221364
03-03-2011,3058.1,3059,3001,3026.1,4758220576.95,62765,1571482
01-03-2011,3030,3108,3008,3082.4,3206013655.25,41769,1047204
28-02-2011,3022,3134.8,2967.4,2997.1,5493194826.3,80112,1814309
25-02-2011,3023.2,3042.65,2966,3007.3,3899372595.3,49614,1295840
24-02-2011,3050,3080,2995,3008.8,6243588797.45,65483,2060815
23-02-2011,3105.9,3105.9,3070.05,3078.8,2731812901.4,60588,884548
22-02-2011,3140.2,3167,3114,3141.85,2386267835,33498,760706
21-02-2011,3100,3177.8,3076,3165.25,3654894751.8,53795,1174869
18-02-2011,3125,3145,3089.1,3100.3,2772359170.1,32195,887788
17-02-2011,3118.5,3128,3102.2,3113.35,1321410439.15,24543,424123
16-02-2011,3082.25,3123.7,3081.1,3103,1132082820.55,21890,365048
15-02-2011,3100,3129,3074.15,3106.55,1785593302.4,31064,574994
14-02-2011,3044,3118.3,3040.5,3104.55,2691478934.55,49859,872381
11-02-2011,3030.2,3068.7,3020.35,3040.85,4261296516.45,48880,1401769
10-02-2011,3105.65,3114,3041,3053.2,3168873953.05,65968,1031519
09-02-2011,3085,3159.7,3067.9,3130.7,2906470995.8,46454,938018
08-02-2011,3100,3120,3072,3096.6,2334288902.75,41552,752999
07-02-2011,3074.9,3113.9,3061,3087.45,2833404899.7,45265,917641
04-02-2011,3099,3123.7,3026.4,3047.9,2673791776.25,36467,869985
03-02-2011,3101.4,3153,3086.2,3117.6,2359135903.85,30401,756176
02-02-2011,3113,3164,3065,3089.25,3580558682.5,40838,1146841
01-02-2011,3126.3,3128.4,3043.1,3089.2,3961393378.45,61672,1287711
31-01-2011,3138.5,3138.5,3086.2,3117.7,3015865916.2,50759,968671
28-01-2011,3205.8,3268.55,3140.65,3168.15,5086852160.3,62276,1585537
27-01-2011,3269,3269,3185.5,3196.9,5091371824.1,73734,1588831
25-01-2011,3265,3304.85,3236.05,3259.65,4064017554.85,33016,1240739
24-01-2011,3240,3290,3227.3,3284.65,3070684521,37049,937670
21-01-2011,3271,3278,3231,3243.85,1879585459.65,42296,578353
20-01-2011,3232,3307.4,3218.1,3295.9,2955266893.3,44975,903981
19-01-2011,3307.15,3314,3235.8,3249.6,2829775194.8,40576,866886
18-01-2011,3250,3335.7,3250,3323,4046052639.6,49025,1224646
17-01-2011,3200,3281.7,3191.25,3268.8,3336482984.9,50924,1027327
14-01-2011,3186.15,3277.9,3185,3204.3,4171370927.55,69662,1290205
13-01-2011,3293,3299,3195,3205.2,9048717183.15,131718,2794109
12-01-2011,3350,3390,3318.2,3377.3,4217241518.7,56807,1254425
11-01-2011,3340,3423.4,3288.1,3325.7,5149673664.65,48429,1539927
10-01-2011,3375,3443.15,3352,3395.75,4415918899.75,57540,1298801
07-01-2011,3463.35,3495,3356.35,3370.75,3655864295.05,45009,1068866
06-01-2011,3480,3493,3444.1,3478.15,2037594772.5,18950,586480
05-01-2011,3465,3477,3445.1,3459.6,1523871798.85,20023,440395
04-01-2011,3457,3499,3457,3481.45,3533147369.05,30636,1014911
03-01-2011,3444,3469.7,3427.7,3458.35,2176073811.05,23800,631068
31-12-2010,3433,3451,3405.15,3442.75,2514340050.15,24848,732466
30-12-2010,3410,3454,3402,3446.95,3865066882.45,30125,1123961
29-12-2010,3381,3415,3371.1,3404.9,1613251517.2,27376,475365
28-12-2010,3371,3389.95,3363.5,3382.65,1079053610.8,16730,319305
27-12-2010,3357,3391.8,3357,3376.9,1560831743,16554,461470
24-12-2010,3347,3381.8,3342.05,3370.15,1522229100.45,17779,452508
23-12-2010,3344,3372,3329.25,3367.9,2617772923,30663,778938
22-12-2010,3325,3359.7,3313.75,3332.5,2474545501.85,30915,740910
21-12-2010,3350.55,3369.6,3311.05,3329.25,3363246858.25,33619,1007480
20-12-2010,3252.1,3363.8,3252,3349.95,4721547035.8,76959,1418290
16-12-2010,3219.4,3300,3210,3293.3,3482660980.6,43747,1063643
15-12-2010,3146.7,3209,3146.7,3203.45,3299833163.55,29539,1031799
14-12-2010,3163.7,3174,3126.8,3158.65,1549085260.85,26809,491698
13-12-2010,3149,3156.4,3075,3145.3,2672440610.8,33540,856135
10-12-2010,3145,3162,3117.8,3144.25,2408209024.95,29605,765640
09-12-2010,3145,3182.1,3141.15,3151.45,3137263637.4,48297,991391
08-12-2010,3159,3164.1,3114,3131.15,2720569429.1,34911,868889
07-12-2010,3145.85,3195,3140.2,3178.6,2410929755.8,36095,760687
06-12-2010,3130,3176.4,3126,3143.4,2374728761.2,31078,752956
03-12-2010,3107,3147.9,3103,3125,2601185593.45,36118,830977
02-12-2010,3056,3109.4,3032,3098.5,2773526408.25,35873,899670
01-12-2010,3049.8,3066.5,3035,3052.4,1764285517.4,23914,578012
30-11-2010,3043.5,3082.7,3012.2,3051,3457557197.7,42852,1134068
29-11-2010,3065,3095.65,3051.15,3063.95,1905061032.35,21975,620541
26-11-2010,3070,3104,3026.95,3042.05,3653923639.95,44870,1189474
25-11-2010,3005.55,3111,3005.55,3064.35,7050251026.05,59678,2291497
24-11-2010,3023.9,3034.9,2950.25,2995.9,1518805454.75,20530,504861
23-11-2010,3027.9,3058.8,2979.95,3012.1,1730685170.3,25451,572484
22-11-2010,2971.35,3068,2971.35,3043.7,3324784452.95,36766,1097518
19-11-2010,2987.55,3008.7,2945,2963.8,2111314233.5,26945,708099
18-11-2010,2989,3031.85,2958.65,3003.95,2676962042.75,32422,891028
16-11-2010,3012,3019,2940.25,2970.95,3118951541.35,28312,1046892
15-11-2010,3003,3044.95,2977.6,3030.05,2201168159.3,24274,731311
12-11-2010,3038,3038.75,2989,2997.85,2826514588.25,28593,937432
11-11-2010,3084,3084,3051,3054.65,2137210687.35,26071,698299
10-11-2010,3048,3105,3030.1,3082.65,3740784618.1,42191,1216054
09-11-2010,3036.8,3075,3030,3059.8,2010788837.95,28376,658370
08-11-2010,3084,3084,3006.75,3015.9,2038933796.25,24486,672690
05-11-2010,3083.95,3092,3070.9,3081.65,243347987.1,3514,78995
04-11-2010,3044,3085,3032.95,3077.15,2116261612.6,31284,689349
03-11-2010,3031.95,3044.75,3015.05,3024.35,1155631284.85,17650,380942
02-11-2010,3002,3032.6,2984.8,3027.05,1879632655.6,30128,624813
01-11-2010,2983,3031.95,2983,3001.65,1716118068.5,32138,569118
29-10-2010,2989,2998,2944,2971.7,2558164504.4,30043,860753
28-10-2010,2984,3032.9,2948.05,2970.85,6815411595.25,45535,2279019
27-10-2010,3002,3010,2967.2,2980.2,3396852367.7,29354,1134087
26-10-2010,3020,3043.3,3002.7,3013.85,2615531651.3,24723,865734
25-10-2010,3058.8,3074.9,3010.1,3019.15,1989835893.3,25233,653054
22-10-2010,3005.25,3084.9,3003,3053.15,4334912850,49730,1418218
21-10-2010,2997.85,3038.4,2980.1,3034.45,3474367102.65,41954,1153990
20-10-2010,3009.8,3044.6,2990,3018.6,2682714464.8,35609,886732
19-10-2010,3094.7,3105.05,3001,3010.2,5352214145.65,66912,1759714
18-10-2010,3080.5,3118.9,3039.3,3107.05,4854115644.95,67579,1573887
15-10-2010,3200,3238,3061.15,3076.3,10111925712.75,112792,3233795
14-10-2010,3165.1,3228.95,3156.2,3185.25,3674607489,44013,1149172
13-10-2010,3081,3164.8,3075.2,3152.85,5096986606.1,55193,1628063
12-10-2010,3072,3084.95,3050.3,3075.2,1776440212.3,25925,578203
11-10-2010,3080.3,3097,3058.65,3074.45,1727888702.75,24958,561729
08-10-2010,3060,3085.65,3037.05,3076.3,2508502807.7,29895,818520
07-10-2010,3089,3097.5,3042,3053.45,2621519961.55,41585,854209
06-10-2010,3106,3122.9,3076.6,3103.8,2242012299.55,26966,723566
05-10-2010,3075,3111,3070,3084.7,2006677781.65,32410,648644
04-10-2010,3112,3162,3062.55,3078.45,2971226305.4,38248,954580
01-10-2010,3051,3110.05,3026.3,3102.15,3119185814.4,37054,1010814
30-09-2010,3046.95,3075,3007.45,3050.5,5189457739.45,35901,1708227
29-09-2010,3026,3079,3002.6,3031.05,3392322857.75,34965,1121615
28-09-2010,3025,3028.1,3001,3016.6,2338866473.75,23326,776143
27-09-2010,3055,3060,3023.35,3032.6,2742446922.2,26464,901290
24-09-2010,3022.9,3058.7,2993.65,3049.1,3334618907.1,33254,1098940
23-09-2010,3005.05,3034.75,2973.05,3022.9,4204154907.05,36722,1397672
22-09-2010,3060.5,3062.9,2994.45,3014.3,4071941036.15,38243,1350805
21-09-2010,3015,3065,2996.6,3059.15,3494022879.95,42919,1152989
20-09-2010,2975,3018,2975,3008.6,1882901154.05,24776,628247
17-09-2010,2965.95,3012.5,2959.4,2970.15,3213816524.5,35228,1077061
16-09-2010,3032.05,3032.05,2958.25,2965.95,2645972433.35,38304,886123
15-09-2010,2975,3060,2969,3052.85,5434413792.55,56647,1793081
14-09-2010,2950.6,3000,2950,2975.6,3633652948.35,37448,1220893
13-09-2010,2890,2945,2882,2936.9,2434281978.2,32699,831311
09-09-2010,2870.1,2900,2858,2895,2740168325.55,34263,948924
08-09-2010,2857,2886.6,2825,2879.4,3359646957.25,42208,1173312
07-09-2010,2840,2872.9,2810.2,2864.95,2955853327.7,28205,1040159
06-09-2010,2786.25,2840,2785.6,2831.65,2256313094.6,23022,798899
03-09-2010,2761.1,2804,2761.1,2777.45,2648398221.5,42644,950836
02-09-2010,2799,2814,2745.9,2753,1173017971.55,24048,425314
01-09-2010,2713.85,2784.5,2708.25,2776.15,3484800313.65,46973,1266475
31-08-2010,2685,2724,2676.15,2713.85,2604053011.45,28984,965285
30-08-2010,2719.35,2736,2666.3,2700.45,1608429923.7,34346,597646
27-08-2010,2758,2758,2681.4,2709.9,2362669114.8,31793,871725
26-08-2010,2775,2782.95,2747.35,2765.65,2704244235.2,30011,979373
25-08-2010,2762,2793.95,2755.95,2770.9,1214827981.45,19568,437751
24-08-2010,2789,2789,2755.2,2765.25,1814189839.1,25703,655944
23-08-2010,2772,2810,2761.3,2803.15,1577635387.25,18262,563979
20-08-2010,2803,2803,2754,2769.6,1599382341.5,21765,578103
19-08-2010,2815,2825,2787.95,2804.6,1695384100.05,22536,603343
18-08-2010,2765.1,2819.5,2758.15,2807.25,2130615342.8,23074,766018
17-08-2010,2755,2776.5,2730,2750.5,1768229229.05,18951,642580
16-08-2010,2760,2778,2750,2761.9,1793342093.5,28523,649201
13-08-2010,2775,2798,2755,2777.25,1926912023.55,22371,695226
12-08-2010,2796,2796,2754,2772.7,2415803213.75,33254,871675
11-08-2010,2834,2857.9,2800,2810.9,1884138356.75,23680,668100
10-08-2010,2870,2870,2815,2829.05,1702938463.1,25032,601498
09-08-2010,2848.5,2882.9,2816.25,2874.65,1501802130.95,20224,525193
06-08-2010,2861,2892,2852,2863.8,1318799804.35,17069,459560
05-08-2010,2880,2906.8,2861.55,2869.25,2379680659.6,27498,824287
04-08-2010,2790,2892,2790,2874.5,3410486532.15,37998,1192003
03-08-2010,2805,2819,2769.5,2784.3,846020490.3,17052,304323
02-08-2010,2800,2812.8,2781.15,2796.95,1334155709.05,18775,476904
30-07-2010,2815,2831.25,2760,2788.4,1566512539,22001,559084
29-07-2010,2824.8,2840,2810.85,2833.15,1277242884.9,15731,451626
28-07-2010,2829,2838.5,2812,2832.1,1316439614.75,15704,465646
27-07-2010,2803,2834,2803,2828.8,1798790204.4,26229,636745
26-07-2010,2790,2810,2790,2804.45,1566460559.6,21607,558852
23-07-2010,2787,2870.05,2765,2786.45,1849549012.85,26002,665387
22-07-2010,2764.75,2764.75,2727.05,2754.5,2819343848.2,43974,1028369
21-07-2010,2767.3,2779,2760,2771.65,912141083.25,15875,329310
20-07-2010,2770.45,2782.5,2753.5,2759.65,1749347220.9,20830,631842
19-07-2010,2749,2792.8,2735.75,2770.45,2433991749.3,35862,880890
16-07-2010,2755,2791,2751,2777,2841335806.9,42191,1025695
15-07-2010,2748.95,2776,2740,2759.6,2869357999.9,46914,1041017
14-07-2010,2789.95,2809,2737,2742.9,4902384186.75,80094,1774241
13-07-2010,2870,2875.05,2781,2796.75,8948173367.1,144552,3187798
12-07-2010,2850.05,2910,2850,2895.9,3110405099.35,39749,1074655
09-07-2010,2838.1,2880.5,2838.1,2873.8,2819091077.85,36313,982389
08-07-2010,2806,2846.4,2800.1,2828.5,2222954996,32319,784774
07-07-2010,2799.6,2799.6,2765.2,2781.75,2056549582.85,24075,740424
06-07-2010,2743,2799,2743,2785.1,2038140915.45,31029,734075
05-07-2010,2730,2752,2720,2743.45,1239224384.7,17109,452090
02-07-2010,2774.95,2774.95,2716,2727.5,3810679347.7,47262,1396180
01-07-2010,2791,2791,2751,2767.05,2018760351.45,24642,730906
30-06-2010,2778,2808.65,2732,2791,3271028328.2,46073,1181247
29-06-2010,2793.05,2813.6,2767.1,2793.55,1313124837.9,19400,471634
28-06-2010,2770,2817,2770,2809,1340950358.6,20020,479271
25-06-2010,2810,2811.95,2771,2777.7,1167794697.15,20590,418208
24-06-2010,2814.4,2833.7,2783.05,2822.7,4329454171.95,28714,1539513
23-06-2010,2747.1,2804.95,2717.85,2797.75,1720184579.8,18362,618511
22-06-2010,2790,2799.35,2760,2767.1,1650227279.55,22153,595461
21-06-2010,2799.4,2818.8,2791.25,2800.8,2513545614.4,26946,895594
18-06-2010,2707.85,2815,2707.85,2786.2,2906440597.45,32989,1044529
17-06-2010,2776,2783.8,2736,2764.85,1942256912.45,24871,704905
16-06-2010,2754.9,2779.5,2742,2769.4,1977241308.1,24204,715008
15-06-2010,2746.5,2780,2722.1,2734.7,2718199603.95,29582,993289
14-06-2010,2650.1,2758.85,2650.1,2746.4,3299662532.65,45678,1216106
11-06-2010,2664.9,2690.9,2621,2630.75,3279850457.5,35610,1239108
10-06-2010,2625.2,2654,2620.55,2645.55,1709960782.6,26275,648431
09-06-2010,2668,2668,2616.5,2624.95,1789710590.25,25812,678390
08-06-2010,2671.65,2689,2647.85,2654.5,2213287492.45,33785,831393
07-06-2010,2710,2710,2650,2671.65,2593980167.75,32302,972744
04-06-2010,2698,2738,2682.45,2728.95,1678202271.3,33395,618800
03-06-2010,2660,2705.8,2660,2698,1854746523.25,27779,689637
02-06-2010,2635,2651.95,2624.1,2640.25,2163390931.9,25484,819643
01-06-2010,2655,2657.5,2617.6,2624.35,1905088889.7,21765,722861
31-05-2010,2735,2735,2624.55,2658,2330717366.95,22449,877594
28-05-2010,2670.05,2684.4,2637.3,2677.45,2263695919.65,24919,849249
27-05-2010,2627.8,2664,2595.1,2643.35,3719746756.55,34520,1414087
26-05-2010,2565.05,2639.9,2556.25,2621.05,2555984097.35,30413,983607
25-05-2010,2586.85,2586.85,2510.1,2533.4,2809175623.9,37705,1104766
24-05-2010,2611,2630,2579.25,2600.4,2339306307.15,25480,898263
21-05-2010,2568,2608,2558.35,2581.75,2302785257.45,23814,890900
20-05-2010,2612,2634.55,2586.5,2600.75,2120306833.45,33560,813609
19-05-2010,2626,2652.35,2593.45,2602.85,3914714885.75,41949,1492405
18-05-2010,2660,2660,2582.05,2629.2,2338299046.35,26032,893075
17-05-2010,2635,2648.05,2576.05,2616.35,2654646439.85,38138,1021353
14-05-2010,2710,2727,2630,2651.9,2295197217.55,31350,853062
13-05-2010,2684,2723,2661.25,2706.15,1664804937.6,23190,615485
12-05-2010,2656,2698.9,2652.25,2681.7,3074178543.1,40002,1148147
11-05-2010,2669.8,2674.5,2636,2660.75,1924964882.55,24678,725353
10-05-2010,2620,2683.8,2620,2675.7,1877229281.8,27739,704426
07-05-2010,2638.1,2645.35,2607.05,2616.85,2948290375.25,36714,1123049
06-05-2010,2690.3,2690.3,2645.55,2658.15,2599719243.3,37584,976045
05-05-2010,2649.4,2708,2610,2693,4032116987.75,44823,1515260
04-05-2010,2705,2706,2655.5,2666.15,2204387051.85,30767,822026
03-05-2010,2708,2714.95,2682,2694.9,1824232368.05,23544,676119
30-04-2010,2712,2758.8,2677.1,2738.15,2748839556.75,40038,1008378
29-04-2010,2699,2732.9,2675,2709.15,3820837208.2,24724,1414995
28-04-2010,2710.1,2731.95,2691.1,2699.5,1881270083.4,22410,693062
27-04-2010,2729.1,2742.4,2726.4,2737.45,1121989231.55,21550,410032
26-04-2010,2730.1,2754,2725.05,2738.95,1524783457.5,16260,556786
23-04-2010,2735,2753.7,2716.85,2726.95,2009193469.6,20301,736042
22-04-2010,2708,2762.85,2693,2718.4,2377236165.8,35363,872268
21-04-2010,2743,2749.75,2700.3,2712.45,2207339511.5,36335,812036
20-04-2010,2765.5,2789.95,2720,2727.3,3268113058.05,32588,1192766
19-04-2010,2774.65,2774.65,2736,2751.9,3010196013.45,37828,1094362
16-04-2010,2792.1,2809,2771.05,2788.6,2178447681.65,43478,780543
15-04-2010,2788,2824.7,2759.3,2801.6,7843728932.75,88927,2799391
13-04-2010,2690,2793.85,2635,2781.9,19644579497.2,231397,7204425
12-04-2010,2685.9,2698,2652.05,2683.1,2787693762.85,37102,1040706
09-04-2010,2670,2697.7,2665,2676.2,2770048643.4,36402,1032539
08-04-2010,2640,2677.9,2630,2663.75,2404876730.25,35121,903498
07-04-2010,2655.55,2674.8,2617.4,2643.75,2764698128.2,47247,1047610
06-04-2010,2682,2685,2645.25,2651.25,1775821928.55,23772,668601
05-04-2010,2679,2690,2638,2677.95,2442271656.85,27039,914827
01-04-2010,2620.2,2678,2620,2670.45,2721909454.55,40569,1023375
31-03-2010,2653.9,2676.7,2606.6,2615.95,4301048450.85,50508,1633763
30-03-2010,2715,2715,2630.6,2644.1,3542495330.75,49359,1331242
29-03-2010,2758,2770,2700.25,2716.65,4755623618.5,49335,1747713
26-03-2010,2816,2825,2763,2774.85,3159297917.35,41381,1138210
25-03-2010,2771,2870,2750.85,2813.95,5327704190.05,42238,1900941
23-03-2010,2770.05,2799,2764.15,2775.5,1662590636.35,17552,599070
22-03-2010,2752.1,2777,2742.9,2757.4,1418100977.8,21421,513566
19-03-2010,2780.1,2795,2760.05,2772.35,4366701376.1,33359,1572818
18-03-2010,2740,2793.9,2740,2787.6,3096497600.15,31345,1115381
17-03-2010,2735,2753.7,2713,2738.3,2174876193.05,25478,794000
16-03-2010,2700,2744.95,2682.3,2732.35,1990886201.65,27678,735168
15-03-2010,2654.4,2712.5,2636,2701.25,3553254768.2,48792,1322857
12-03-2010,2699.9,2704,2656.3,2673.25,1060438184.3,17770,397115
11-03-2010,2665,2695,2650,2682.95,1439971378.5,21211,537303
10-03-2010,2674.9,2691.45,2650,2659.25,2445111574.2,26778,916369
09-03-2010,2650.05,2701.5,2617.85,2683.95,2673562052,31913,994844
08-03-2010,2653,2679.35,2638.1,2659.55,2878148649.35,31619,1083124
05-03-2010,2633.9,2640,2613.05,2635.7,1639102004.7,24944,623101
04-03-2010,2662,2664,2604,2623.8,2212461625.85,30921,844405
03-03-2010,2651.1,2676.5,2632.65,2666.25,1958900168.65,18461,738122
02-03-2010,2631.55,2650.75,2622.65,2641,2813055029.65,32775,1066832
26-02-2010,2619,2630,2582.1,2601.95,3435108183.25,34803,1318296
25-02-2010,2570.6,2629.7,2570.6,2617.35,2834612316.55,20418,1091196
24-02-2010,2568,2598.3,2551,2576.3,1752076551.95,19025,678377
23-02-2010,2558.1,2589,2555,2581.3,1219912568.2,20417,473254
22-02-2010,2555.1,2591.7,2555.1,2568.35,1886993280.15,27699,731925
19-02-2010,2524.9,2544.5,2505.15,2532.4,1899108780.85,17601,749874
18-02-2010,2523,2547,2512,2533.65,1178511818.8,15242,465212
17-02-2010,2550.2,2566.4,2513.6,2518.65,2531509135.75,32878,998898
16-02-2010,2500,2551,2488.25,2541.45,1394073111.05,18734,552262
15-02-2010,2507,2542.4,2474.85,2498.65,2799811994.25,30440,1118766
11-02-2010,2473,2518.15,2470,2498.45,2017593802.95,36406,806736
10-02-2010,2491,2496.2,2448,2466.95,2221766395.3,29370,898498
09-02-2010,2404,2482,2394.25,2473.8,3190856905.85,53739,1298424
08-02-2010,2374.9,2442,2344.5,2403.6,2760121919.6,35026,1156560
06-02-2010,2361,2388.55,2358.9,2379.45,142460672,2597,59915
05-02-2010,2390.4,2398.45,2329,2352.7,3992166847.65,37939,1693109
04-02-2010,2465,2470,2412.5,2429.05,1881060605.25,24050,772051
03-02-2010,2450,2500,2450,2473.2,1984021643.2,24342,800701
02-02-2010,2501,2501,2421.65,2439.95,3053428413.05,33817,1236173
01-02-2010,2447,2530,2390.1,2451.25,3720987146.65,47904,1538598
29-01-2010,2452.4,2500,2404.8,2475.5,4587995620.35,59693,1876535
28-01-2010,2513,2554.9,2479.5,2491.75,3995349690.15,33972,1591609
27-01-2010,2532,2533.85,2485.15,2502.25,3082649154.3,31621,1230107
25-01-2010,2550,2569.95,2518,2542.3,2056987265.7,33847,812339
22-01-2010,2600,2610,2552,2575.6,4343417127.1,36813,1685812
21-01-2010,2643,2664.7,2600,2625.2,2198451296.9,18447,835349
20-01-2010,2648.65,2673.2,2638,2657.7,2020471585.05,20206,761499
19-01-2010,2680,2688,2628.1,2635.9,1935942928.1,23925,729689
18-01-2010,2663,2690,2656,2686.65,2056347221.25,24291,767511
15-01-2010,2689.75,2692.5,2654.15,2675.8,1686120183.35,20241,631188
14-01-2010,2679,2702.9,2650.2,2689.75,2815606547.7,39031,1051738
13-01-2010,2476.85,2695,2476.85,2683.5,6524398681.25,73985,2463005
12-01-2010,2500,2594,2500,2586.95,7994950817.75,76050,3107460
11-01-2010,2475.1,2504.7,2474,2489.65,2443600407.35,27476,981207
08-01-2010,2519,2523.3,2458,2464.2,3912966582.25,38996,1581164
07-01-2010,2586.6,2586.6,2518.2,2525.05,3449289333.2,37831,1361575
06-01-2010,2683,2683,2575.1,2583.1,2203575444.3,30585,852161
05-01-2010,2620,2630.7,2600.1,2621.35,2255092867.1,21440,861941
04-01-2010,2610,2630,2595.3,2612.6,1332021076.3,16527,508658
